{
    "form_submission": {
        "First Name": "Derek",
        "Last Name": "Law",
        "Email Address": "derek.law@autoidsolution.com.hk",
        "WhatsApp/Phone NO.": "54411105",
        "Country": "HK, China",
        "Postcode": "",
        "Message": "I would like to have the specification document and quotation of LoRaWAN Smart Watch. Thank a lot!",
        "Date of Submission": "2023-09-01 10:38:38"
    },
    "extra_information": {
        "Submitted On": {
            "links": [
                {
                    "text": "View Page",
                    "href": "https://www.hktlora.com/contact/"
                },
                {
                    "text": "Edit Page",
                    "href": "https://www.hktlora.com/wp-admin/post.php?action=edit&post=57"
                }
            ],
            "full_text": "Contact (View Page | Edit Page)"
        },
        "Submitted By": "Not a registered user"
    },
    "dingding": {
        "id": "uNAMHjajlB",
        "编号": "3972"
    }
}