{
    "form_submission": {
        "Name": "umbu abel",
        "Email": "abelumbu6@gmail.com",
        "Country": "16082002",
        "Message": "umbu abel",
        "Date of Submission": "2023-11-18 00:33:24"
    },
    "extra_information": {
        "Submitted On": {
            "links": [
                {
                    "text": "View Page",
                    "href": "https://www.hktlora.com/?elementor_library=float-forms"
                },
                {
                    "text": "Edit Page",
                    "href": "https://www.hktlora.com/wp-admin/post.php?action=edit&post=2390"
                }
            ],
            "full_text": "Quote (View Page | Edit Page)"
        },
        "Submitted By": "Not a registered user"
    },
    "dingding": {
        "id": "D15msYofHV",
        "编号": "4269"
    }
}