{
    "form_submission": {
        "Name": "Sahil Chouhan",
        "Email": "sahilchouhan0249@yahoo.com",
        "Country": "India",
        "Message": "Dear Sir /Mam, I am sahil Chouhan , a consultant representing Laxmi civil engineering India , we annually need 20000 water meters and looking for ultra sonic lorawan based. Please connect me with concerned person thank you",
        "Date of Submission": "2023-11-13 19:31:30"
    },
    "extra_information": {
        "Submitted On": {
            "links": [
                {
                    "text": "View Page",
                    "href": "https://www.hktlora.com/?elementor_library=float-forms"
                },
                {
                    "text": "Edit Page",
                    "href": "https://www.hktlora.com/wp-admin/post.php?action=edit&post=2390"
                }
            ],
            "full_text": "Quote (View Page | Edit Page)"
        },
        "Submitted By": "Not a registered user"
    },
    "dingding": {
        "id": "dKkZadCvhp",
        "编号": "4254"
    }
}