{
    "form_submission": {
        "Name": "JosephTix",
        "Comapny": "no.reply.NilsKarlsen@gmail.com",
        "Email Address": "no.reply.NilsKarlsen@gmail.com",
        "Country": "Nicaragua",
        "Message": "Good day! hktlora.com Did you know that it is possible to send message comСЂletely legal? We propose a legal method of sending business proposals through feedback forms. A lot of websites offer these types of forms. When such letters are sent, no personal data is utilized, and messages are sent to securely-designed forms that are specifically meant to receive messages and appeals. By using Communication Forms, messages sent are less likely to be flagged as spam, as they are considered significant. We gіve уou the chance to test our service for nothing! We are able to transmit up to 50,000 messages to you. The cost of sending one million messages is $59. This letter is automatically generated. Please use the contact details below to get in touch with us. Contact us. Telegram - https://t.me/FeedbackFormEU Skype live:feedbackform2019 WhatsApp +375259112693 WhatsApp https://wa.me/+375259112693 We only use chat for communication.",
        "Date of Submission": "2023-07-05 12:44:15"
    },
    "extra_information": {
        "Submitted On": {
            "links": [
                {
                    "text": "View Page",
                    "href": "https://www.hktlora.com/"
                },
                {
                    "text": "Edit Page",
                    "href": "https://www.hktlora.com/wp-admin/post.php?action=edit&post=46"
                }
            ],
            "full_text": "Home (View Page | Edit Page)"
        },
        "Submitted By": "Not a registered user"
    },
    "dingding": {
        "id": "VWS46h25o2",
        "编号": "3458"
    }
}