{
    "form_submission": {
        "First Name": "Ron",
        "Last Name": "McMahan",
        "Email Address": "rinald.mcmahan@sgs.com",
        "WhatsApp/Phone NO.": "5128975230",
        "Country": "USA",
        "Postcode": "78664",
        "Message": "Interested in being a partner - large opportunity in CO2 monitor",
        "Date of Submission": "2024-02-08 19:48:26"
    },
    "extra_information": {
        "Submitted On": {
            "links": [
                {
                    "text": "View Page",
                    "href": "https://www.hktlora.com/distributor/"
                },
                {
                    "text": "Edit Page",
                    "href": "https://www.hktlora.com/wp-admin/post.php?action=edit&post=389"
                }
            ],
            "full_text": "Distributor (View Page | Edit Page)"
        },
        "Submitted By": "Not a registered user"
    },
    "dingding": {
        "id": "bIzVKJkvla",
        "编号": "4553"
    }
}