{
    "form_submission": {
        "Name": "Kevin Cantrell",
        "Email": "Kevin@cropwatch.io",
        "Country": "Japan",
        "Message": "Hello I am wondering what the per-unit price for one of these smoke detectors is? I am looking for a device in teh AS923-1 LoRaWAN Frequency range. https://www.hktlora.com/product/lorawan-smoke-detector/",
        "Date of Submission": "2023-10-14 20:52:50"
    },
    "extra_information": {
        "Submitted On": {
            "links": [
                {
                    "text": "View Page",
                    "href": "https://www.hktlora.com/?elementor_library=float-forms"
                },
                {
                    "text": "Edit Page",
                    "href": "https://www.hktlora.com/wp-admin/post.php?action=edit&post=2390"
                }
            ],
            "full_text": "Quote (View Page | Edit Page)"
        },
        "Submitted By": "Not a registered user"
    },
    "dingding": {
        "id": "E08wjguj1n",
        "编号": "4117"
    }
}