{
    "form_submission": {
        "Name": "12",
        "Comapny": "34",
        "Email Address": "123456@test.com",
        "Country": "56",
        "Message": "Looking for LoRaWAN ADs",
        "Date of Submission": "2024-01-03 16:37:48"
    },
    "extra_information": {
        "Submitted On": {
            "links": [
                {
                    "text": "View Page",
                    "href": "https://www.hktlora.com/"
                },
                {
                    "text": "Edit Page",
                    "href": "https://www.hktlora.com/wp-admin/post.php?action=edit&post=46"
                }
            ],
            "full_text": "Home (View Page | Edit Page)"
        },
        "Submitted By": {
            "links": [
                {
                    "text": "View User Profiile",
                    "href": "https://www.hktlora.com/wp-admin/user-edit.php?user_id=3"
                },
                {
                    "text": "View 3 more submissions by this user",
                    "href": null
                }
            ],
            "full_text": "huakuantong (View User Profiile | View 3 more submissions by this user)"
        }
    },
    "dingding": {
        "id": "5FYQfi8m3z",
        "编号": "4446"
    }
}