{
    "form_submission": {
        "Name": "ujoyamofixud",
        "Comapny": "etusaqus@c.youemailrety.com",
        "Email Address": "etusaqus@c.youemailrety.com",
        "Country": "Hungary",
        "Message": "Uyiqihxai Ijuuoj nmn.wdmt.hktlora.com.rnp.zl http://fjksldhyaodh.com/",
        "Date of Submission": "2024-01-20 17:49:34"
    },
    "extra_information": {
        "Submitted On": {
            "links": [
                {
                    "text": "View Page",
                    "href": "https://www.hktlora.com/"
                },
                {
                    "text": "Edit Page",
                    "href": "https://www.hktlora.com/wp-admin/post.php?action=edit&post=46"
                }
            ],
            "full_text": "Home (View Page | Edit Page)"
        },
        "Submitted By": "Not a registered user"
    },
    "dingding": {
        "id": "QyfGmBkh5q",
        "编号": "4514"
    }
}