{
    "form_submission": {
        "Name": "Budi Santoso",
        "Email": "bsantoso@primacom.co.id",
        "Country": "Indonesia",
        "Message": "Hello, I'm Budi from Primacom, i'm interested with lorawan smartwatch, can i get a price list, also the lora wan gateway. Regards, Budi Santoso",
        "Date of Submission": "2023-11-07 12:22:45"
    },
    "extra_information": {
        "Submitted On": {
            "links": [
                {
                    "text": "View Page",
                    "href": "https://www.hktlora.com/?elementor_library=float-forms"
                },
                {
                    "text": "Edit Page",
                    "href": "https://www.hktlora.com/wp-admin/post.php?action=edit&post=2390"
                }
            ],
            "full_text": "Quote (View Page | Edit Page)"
        },
        "Submitted By": "Not a registered user"
    },
    "dingding": {
        "id": "7gmqYDs6cN",
        "编号": "4238"
    }
}