{
    "form_submission": {
        "Name": "Martin",
        "Email": "marti4vt@yahoo.com",
        "WhatsApp": "00359 882 44 10 11",
        "Country": "Bulgaria",
        "Message": "Hello there, I'm interested in your products and spatially with the bedroom wood slat panels. Could you please send me a quote for minimum order + delivery to Bulgaria, Sofia for size W600. Thanks, Martin",
        "Date of Submission": "2023-03-10 18:12:24"
    },
    "extra_information": {
        "Submitted On": {
            "links": [
                {
                    "text": "View Page",
                    "href": "https://www.hktlora.com/?elementor_library=elementor-single-product-248"
                },
                {
                    "text": "Edit Page",
                    "href": "https://www.hktlora.com/wp-admin/post.php?action=edit&post=248"
                }
            ],
            "full_text": "Elementor Single Product #248 (View Page | Edit Page)"
        },
        "Submitted By": "Not a registered user"
    },
    "dingding": {
        "id": "ElCSS9eBWT",
        "编号": "1662"
    }
}