{
    "form_submission": {
        "Name": "Kevin Bromber",
        "Email": "kbromber@mydevices.com",
        "Country": "usa",
        "Message": "is this device availabke for us to resell and distribute through our partners? https://www.hktlora.com/product/lorawan-bio-capsule-for-animal/",
        "Date of Submission": "2024-01-17 02:43:25"
    },
    "extra_information": {
        "Submitted On": {
            "links": [
                {
                    "text": "View Page",
                    "href": "https://www.hktlora.com/?elementor_library=float-forms"
                },
                {
                    "text": "Edit Page",
                    "href": "https://www.hktlora.com/wp-admin/post.php?action=edit&post=2390"
                }
            ],
            "full_text": "Quote (View Page | Edit Page)"
        },
        "Submitted By": "Not a registered user"
    },
    "dingding": {
        "id": "BsbXbxd7hT",
        "编号": "4499"
    }
}