{
    "form_submission": {
        "First Name": "GENNARO",
        "Last Name": "acquisticentroedile@gmail.com",
        "Email Address": "acquisticentroedile@gmail.com",
        "WhatsApp/Phone NO.": "0818276385",
        "Country": "ITALIA - Striano (NA)",
        "Postcode": "80040",
        "Message": "",
        "Date of Submission": "2023-03-28 20:19:21"
    },
    "extra_information": {
        "Submitted On": {
            "links": [
                {
                    "text": "View Page",
                    "href": "https://www.hktlora.com/distributor/"
                },
                {
                    "text": "Edit Page",
                    "href": "https://www.hktlora.com/wp-admin/post.php?action=edit&post=389"
                }
            ],
            "full_text": "Distributor (View Page | Edit Page)"
        },
        "Submitted By": "Not a registered user"
    },
    "dingding": {
        "id": "rGN5iGgkrZ",
        "编号": "1665"
    }
}