{
    "form_submission": {
        "First Name": "Marilou",
        "Last Name": "Fredericksen",
        "Email Address": "fredericksen.marilou@gmail.com",
        "WhatsApp/Phone NO.": "030 36 92 07",
        "Country": "Germany",
        "Postcode": "",
        "Message": "Brand new tech is changing the way companies market. It turns Youtube videos into interactive games keeping the viewers attention. Companies reward people for watching the whole video and create a marketing frenzy like Black Friday. As seen on CBS, NBC, FOX, and ABC. Drop me a line via email/skype below to see if you qualify for a free GAMIFICATION of your video. Julien email: gamifyvideo@gmail.com skype: live:.cid.d347be37995c0a8d",
        "Date of Submission": "2024-02-17 21:31:51"
    },
    "extra_information": {
        "Submitted On": {
            "links": [
                {
                    "text": "View Page",
                    "href": "https://www.hktlora.com/contact/"
                },
                {
                    "text": "Edit Page",
                    "href": "https://www.hktlora.com/wp-admin/post.php?action=edit&post=57"
                }
            ],
            "full_text": "Contact (View Page | Edit Page)"
        },
        "Submitted By": "Not a registered user"
    },
    "dingding": {
        "id": "LbhjuuSmA3",
        "编号": "4576"
    }
}