{
    "form_submission": {
        "Name": "cristian schulze",
        "Email": "cristian_schulze@hotmail.com",
        "Country": "argentina",
        "Message": "hi, i need information about lorawan surfece mounted parking sensor, please send me specs. Thanks!",
        "Date of Submission": "2023-11-01 06:21:57"
    },
    "extra_information": {
        "Submitted On": {
            "links": [
                {
                    "text": "View Page",
                    "href": "https://www.hktlora.com/?elementor_library=float-forms"
                },
                {
                    "text": "Edit Page",
                    "href": "https://www.hktlora.com/wp-admin/post.php?action=edit&post=2390"
                }
            ],
            "full_text": "Quote (View Page | Edit Page)"
        },
        "Submitted By": "Not a registered user"
    },
    "dingding": {
        "id": "aRW3fdpAUH",
        "编号": "4223"
    }
}