{
    "form_submission": {
        "First Name": "James",
        "Last Name": "Mcgehee",
        "Email Address": "mcgehee.rodger@googlemail.com",
        "WhatsApp/Phone NO.": "7729930417",
        "Country": "United States",
        "Postcode": "",
        "Message": "Is your website making the right first impression? In today's digital age, a well-designed website is essential for success. At https://wpexpertspro.co/website/ , we specialize in crafting custom, user-friendly websites that captivate your audience. Here's why you should choose us: Tailored Designs: Unique to your brand and goals. User-Centric: Ensuring an enjoyable experience for your visitors. Mobile Optimization: Seamless performance on all devices. SEO-Friendly: Enhancing visibility and rankings. Timely Delivery: Quality without compromise, on schedule. Ready to elevate your online presence? Contact us at https://wpexpertspro.co/website/ to discuss your requirements. Best regards, Sam",
        "Date of Submission": "2023-12-02 12:28:02"
    },
    "extra_information": {
        "Submitted On": {
            "links": [
                {
                    "text": "View Page",
                    "href": "https://www.hktlora.com/contact/"
                },
                {
                    "text": "Edit Page",
                    "href": "https://www.hktlora.com/wp-admin/post.php?action=edit&post=57"
                }
            ],
            "full_text": "Contact (View Page | Edit Page)"
        },
        "Submitted By": "Not a registered user"
    },
    "dingding": {
        "id": "07WKApMXJX",
        "编号": "4348"
    }
}