{
    "form_submission": {
        "Name": "Robertcep",
        "Comapny": "alfredegov@gmail.com",
        "Email Address": "alfredegov@gmail.com",
        "Country": "United kingdom",
        "Message": "Salam, qiymətinizi bilmək istədim.",
        "Date of Submission": "2023-10-02 01:49:52"
    },
    "extra_information": {
        "Submitted On": {
            "links": [
                {
                    "text": "View Page",
                    "href": "https://www.hktlora.com/"
                },
                {
                    "text": "Edit Page",
                    "href": "https://www.hktlora.com/wp-admin/post.php?action=edit&post=46"
                }
            ],
            "full_text": "Home (View Page | Edit Page)"
        },
        "Submitted By": "Not a registered user"
    },
    "dingding": {
        "id": "QsdWnvjgYj",
        "编号": "4051"
    }
}