{
    "form_submission": {
        "Name": "Þröstur Jónsson",
        "Email": "tj62@go-iot.io",
        "Country": "Iceland",
        "Message": "Please send me quotes for your new \"LoRaWAN Indoor Air Quality Sensor\" 1 off, 10 off, 100 off",
        "Date of Submission": "2023-09-12 21:53:03"
    },
    "extra_information": {
        "Submitted On": {
            "links": [
                {
                    "text": "View Page",
                    "href": "https://www.hktlora.com/?elementor_library=float-forms"
                },
                {
                    "text": "Edit Page",
                    "href": "https://www.hktlora.com/wp-admin/post.php?action=edit&post=2390"
                }
            ],
            "full_text": "Quote (View Page | Edit Page)"
        },
        "Submitted By": "Not a registered user"
    },
    "dingding": {
        "id": "1xbSx8qA9q",
        "编号": "3998"
    }
}