{
    "form_submission": {
        "Name": "Deeksha Shrivastava",
        "Comapny": "deekshajma55@gmail.com",
        "Email Address": "deekshajma55@gmail.com",
        "Country": "India",
        "Message": "",
        "Date of Submission": "2023-11-30 02:10:04"
    },
    "extra_information": {
        "Submitted On": {
            "links": [
                {
                    "text": "View Page",
                    "href": "https://www.hktlora.com/"
                },
                {
                    "text": "Edit Page",
                    "href": "https://www.hktlora.com/wp-admin/post.php?action=edit&post=46"
                }
            ],
            "full_text": "Home (View Page | Edit Page)"
        },
        "Submitted By": "Not a registered user"
    },
    "dingding": {
        "id": "jb5NqhM7mm",
        "编号": "4334"
    }
}