{
    "form_submission": {
        "Name": "Masoncep",
        "Comapny": "septon36giannixi@gmail.com",
        "Email Address": "septon36giannixi@gmail.com",
        "Country": "United kingdom",
        "Message": "Ola, quería saber o seu prezo.",
        "Date of Submission": "2024-01-16 07:57:58"
    },
    "extra_information": {
        "Submitted On": {
            "links": [
                {
                    "text": "View Page",
                    "href": "https://www.hktlora.com/"
                },
                {
                    "text": "Edit Page",
                    "href": "https://www.hktlora.com/wp-admin/post.php?action=edit&post=46"
                }
            ],
            "full_text": "Home (View Page | Edit Page)"
        },
        "Submitted By": "Not a registered user"
    },
    "dingding": {
        "id": "7Q79KQn02z",
        "编号": "4496"
    }
}