{
    "form_submission": {
        "First Name": "Prashant",
        "Last Name": "Kumar",
        "Email Address": "kulsprashant@gmail.com",
        "WhatsApp/Phone NO.": "08854080088",
        "Country": "India",
        "Postcode": "302017",
        "Message": "Dear Team, I am writing to inquire about your LoRaWAN fire detection systems and request detailed information on their specifications, functionalities, and costing. As a resident of Jaipur, Rajasthan, India, I am particularly interested in exploring fire safety solutions for Fire security. LoRaWAN technology has attracted my attention due to its long-range connectivity, low power consumption, cost-effectiveness. I would be grateful if you could provide me with the following information: System Specifications: Range of sensor detection Supported sensor types (e.g., smoke, heat, CO2) Data transmission frequency and protocol Power source and battery life of sensors System scalability for future expansion Functionalities: Real-time fire alerts and notifications Data visualization and historical data analysis Integration with existing fire alarm systems (if applicable) Remote system monitoring and management capabilities Costing: Typical cost of a basic LoRaWAN fire detection system for a mid-size of organizations Additional costs for additional sensors, extended range, and advanced functionalities Installation and maintenance costs I am also interested in learning about any case studies or successful deployments of your LoRaWAN fire detection systems in India, particularly in Jaipur or similar environments. Thank you for your time and consideration. I look forward to hearing from you soon.",
        "Date of Submission": "2024-02-09 15:03:45"
    },
    "extra_information": {
        "Submitted On": {
            "links": [
                {
                    "text": "View Page",
                    "href": "https://www.hktlora.com/contact/"
                },
                {
                    "text": "Edit Page",
                    "href": "https://www.hktlora.com/wp-admin/post.php?action=edit&post=57"
                }
            ],
            "full_text": "Contact (View Page | Edit Page)"
        },
        "Submitted By": "Not a registered user"
    },
    "dingding": {
        "id": "ZrC9zDgePF",
        "编号": "4560"
    }
}