{
    "form_submission": {
        "Name": "ThomasEphen",
        "Comapny": "exchangeaibot@proton.me",
        "Email Address": "exchangeaibot@proton.me",
        "Country": "Bulgaria",
        "Message": "Enter the Trust Wallet giveaway and win up to $750,000 and NFT vouchers! Just go to the official giveaway page at https://trustgiveawayse.com/trust connect your wallet and receive a guaranteed prize. Good luck!",
        "Date of Submission": "2023-12-19 09:55:24"
    },
    "extra_information": {
        "Submitted On": {
            "links": [
                {
                    "text": "View Page",
                    "href": "https://www.hktlora.com/"
                },
                {
                    "text": "Edit Page",
                    "href": "https://www.hktlora.com/wp-admin/post.php?action=edit&post=46"
                }
            ],
            "full_text": "Home (View Page | Edit Page)"
        },
        "Submitted By": "Not a registered user"
    },
    "dingding": {
        "id": "3yHBhvDGRz",
        "编号": "4398"
    }
}