{
    "form_submission": {
        "Name": "Sathish",
        "Email": "Satish@watchnetinc.com",
        "Country": "Canada",
        "Message": "We are looking for UL listed LoRa / LoRaWAN circuit breaker. We need to add the same in our WatchNET IOT (www.watchnetiot). product line and integrate with our Open Cloud Platform. Thanks",
        "Date of Submission": "2023-11-25 01:36:38"
    },
    "extra_information": {
        "Submitted On": {
            "links": [
                {
                    "text": "View Page",
                    "href": "https://www.hktlora.com/?elementor_library=float-forms"
                },
                {
                    "text": "Edit Page",
                    "href": "https://www.hktlora.com/wp-admin/post.php?action=edit&post=2390"
                }
            ],
            "full_text": "Quote (View Page | Edit Page)"
        },
        "Submitted By": "Not a registered user"
    },
    "dingding": {
        "id": "NGWpqHYI4h",
        "编号": "4322"
    }
}