{
    "form_submission": {
        "Name": "Antonio",
        "Email": "antonio@elitronic.com.br",
        "Country": "Brasil",
        "Message": "HKT ID-100 is an 8-channel indoor LoRaWAN Gateway",
        "Date of Submission": "2023-12-26 23:42:12"
    },
    "extra_information": {
        "Submitted On": {
            "links": [
                {
                    "text": "View Page",
                    "href": "https://www.hktlora.com/?elementor_library=float-forms"
                },
                {
                    "text": "Edit Page",
                    "href": "https://www.hktlora.com/wp-admin/post.php?action=edit&post=2390"
                }
            ],
            "full_text": "Quote (View Page | Edit Page)"
        },
        "Submitted By": "Not a registered user"
    },
    "dingding": {
        "id": "W1xZRad9H1",
        "编号": "4440"
    }
}