{
    "form_submission": {
        "Name": "Juan Carlos Castaneda",
        "Email": "jc@telonline.com",
        "Country": "United States",
        "Message": "Looking for Magnet LORA Sensors",
        "Date of Submission": "2023-12-23 02:45:16"
    },
    "extra_information": {
        "Submitted On": {
            "links": [
                {
                    "text": "View Page",
                    "href": "https://www.hktlora.com/?elementor_library=float-forms"
                },
                {
                    "text": "Edit Page",
                    "href": "https://www.hktlora.com/wp-admin/post.php?action=edit&post=2390"
                }
            ],
            "full_text": "Quote (View Page | Edit Page)"
        },
        "Submitted By": "Not a registered user"
    },
    "dingding": {
        "id": "2aoCas8msa",
        "编号": "4433"
    }
}