{
    "form_submission": {
        "Name": "Yvonne Parker",
        "Email": "yqparker66@gmail.com",
        "WhatsApp": "",
        "Country": "Northern ireland",
        "Message": "3 size 3 panels 240x60 CYAW002 with black felt",
        "Date of Submission": "2023-02-02 18:52:39"
    },
    "extra_information": {
        "Submitted On": {
            "links": [
                {
                    "text": "View Page",
                    "href": "https://www.hktlora.com/?elementor_library=elementor-single-product-248"
                },
                {
                    "text": "Edit Page",
                    "href": "https://www.hktlora.com/wp-admin/post.php?action=edit&post=248"
                }
            ],
            "full_text": "Elementor Single Product #248 (View Page | Edit Page)"
        },
        "Submitted By": "Not a registered user"
    },
    "dingding": {
        "id": "F2VTLbRty2",
        "编号": "1450"
    }
}