{
    "form_submission": {
        "Name": "Daniel Sanchez",
        "Email": "daniel@dasadu.com",
        "Country": "Spain",
        "Message": "We need a quote of LoRaWAN GPS Cattle Tracker",
        "Date of Submission": "2023-09-26 19:00:35"
    },
    "extra_information": {
        "Submitted On": {
            "links": [
                {
                    "text": "View Page",
                    "href": "https://www.hktlora.com/?elementor_library=float-forms"
                },
                {
                    "text": "Edit Page",
                    "href": "https://www.hktlora.com/wp-admin/post.php?action=edit&post=2390"
                }
            ],
            "full_text": "Quote (View Page | Edit Page)"
        },
        "Submitted By": "Not a registered user"
    },
    "dingding": {
        "id": "geJaiNQHgS",
        "编号": "4036"
    }
}