{
    "form_submission": {
        "Name": "NARTYTRYUT706153NERTHRRTH",
        "Comapny": "rhondaperry2004@noissmail.com",
        "Email Address": "rhondaperry2004@noissmail.com",
        "Country": "Madagascar",
        "Message": "METRYTRE706153MAYTRYR",
        "Date of Submission": "2024-01-14 08:08:59"
    },
    "extra_information": {
        "Submitted On": {
            "links": [
                {
                    "text": "View Page",
                    "href": "https://www.hktlora.com/"
                },
                {
                    "text": "Edit Page",
                    "href": "https://www.hktlora.com/wp-admin/post.php?action=edit&post=46"
                }
            ],
            "full_text": "Home (View Page | Edit Page)"
        },
        "Submitted By": "Not a registered user"
    },
    "dingding": {
        "id": "bb39ov45Mw",
        "编号": "4469"
    }
}