{
    "form_submission": {
        "Name": "Tilo Maecker",
        "Email": "ostfriesland@gruenwert.de",
        "Country": "Deutschland",
        "Message": "",
        "Date of Submission": "2024-02-18 01:38:30"
    },
    "extra_information": {
        "Submitted On": {
            "links": [
                {
                    "text": "View Page",
                    "href": "https://www.hktlora.com/?elementor_library=float-forms"
                },
                {
                    "text": "Edit Page",
                    "href": "https://www.hktlora.com/wp-admin/post.php?action=edit&post=2390"
                }
            ],
            "full_text": "Quote (View Page | Edit Page)"
        },
        "Submitted By": "Not a registered user"
    },
    "dingding": {
        "id": "NIhKAb4aZ9",
        "编号": "4578"
    }
}