{
    "form_submission": {
        "First Name": "ABDEL",
        "Last Name": "BELATOUI",
        "Email Address": "contact@autisconect.com",
        "WhatsApp/Phone NO.": "0615872348",
        "Country": "France",
        "Postcode": "Saint-Denis",
        "Message": "Bonjour, pourriez vous m'en le prix d'un tracker GPS ? Nous sommes actuellement en train de développera une application pour les personnes atteinte du trouble de l'Autisme et nous avons le micro tracker GPS Abeeway V3. Nous rencontrons de difficultés de car pour l'instant de tracker ne trafic pas. Pourtant nous sommes bien enregistré sur la plate-forme d'Orange. Merci pour votre retour.",
        "Date of Submission": "2023-09-21 14:00:25"
    },
    "extra_information": {
        "Submitted On": {
            "links": [
                {
                    "text": "View Page",
                    "href": "https://www.hktlora.com/contact/"
                },
                {
                    "text": "Edit Page",
                    "href": "https://www.hktlora.com/wp-admin/post.php?action=edit&post=57"
                }
            ],
            "full_text": "Contact (View Page | Edit Page)"
        },
        "Submitted By": "Not a registered user"
    },
    "dingding": {
        "id": "89ZXETEUlK",
        "编号": "4024"
    }
}