{
    "form_submission": {
        "Name": "Hema",
        "Email": "info@onetouchdubai.com",
        "Country": "UAE",
        "Message": "Kindly let me know the price of Smart door lock with finger print access, 400 QTY",
        "Date of Submission": "2023-11-22 18:25:06"
    },
    "extra_information": {
        "Submitted On": {
            "links": [
                {
                    "text": "View Page",
                    "href": "https://www.hktlora.com/?elementor_library=float-forms"
                },
                {
                    "text": "Edit Page",
                    "href": "https://www.hktlora.com/wp-admin/post.php?action=edit&post=2390"
                }
            ],
            "full_text": "Quote (View Page | Edit Page)"
        },
        "Submitted By": "Not a registered user"
    },
    "dingding": {
        "id": "0pGFXEEmlD",
        "编号": "4303"
    }
}