{
    "form_submission": {
        "Name": "Peter Thomas",
        "Comapny": "petertwipse@gmail.com",
        "Email Address": "petertwipse@gmail.com",
        "Country": "United States",
        "Message": "Hi there What if you could grab all the possible resources that your competitors rank with. Our competition search strategy will examine tens of millions of backlinks to find available resources that all your major rivals possess, and then use them to your advantage. Get your site to the top of the search results with a cutting-edge plan. More info: https://www.digital-x-press.com/product/competition-seo-plan/ Peter Thomas Digital X Press SEO Agency https://www.digital-x-press.com/",
        "Date of Submission": "2023-07-23 16:35:42"
    },
    "extra_information": {
        "Submitted On": {
            "links": [
                {
                    "text": "View Page",
                    "href": "https://www.hktlora.com/"
                },
                {
                    "text": "Edit Page",
                    "href": "https://www.hktlora.com/wp-admin/post.php?action=edit&post=46"
                }
            ],
            "full_text": "Home (View Page | Edit Page)"
        },
        "Submitted By": "Not a registered user"
    },
    "dingding": {
        "id": "kmWm9sEOFq",
        "编号": "3812"
    }
}