{
    "form_submission": {
        "Name": "Javier Valda",
        "Email": "javier.valda@idlc.tech",
        "WhatsApp": "59170000021",
        "Country": "Bolivia",
        "Message": "Please qoute us the following 100 units of LoRaWAN Multi-Flow Smart Water Meter Dry Type(Valve Controlled)",
        "Date of Submission": "2024-02-08 23:33:32"
    },
    "extra_information": {
        "Submitted On": {
            "links": [
                {
                    "text": "View Page",
                    "href": "https://www.hktlora.com/faq/"
                },
                {
                    "text": "Edit Page",
                    "href": "https://www.hktlora.com/wp-admin/post.php?action=edit&post=53"
                }
            ],
            "full_text": "FAQ (View Page | Edit Page)"
        },
        "Submitted By": "Not a registered user"
    },
    "dingding": {
        "id": "Ze3NHsGbNo",
        "编号": "4555"
    }
}