{
    "form_submission": {
        "Name": "roberto",
        "Email": "info@birdsound.it",
        "Country": "italy",
        "Message": "i needs more information and price to reselle in my country.",
        "Date of Submission": "2024-01-12 00:21:19"
    },
    "extra_information": {
        "Submitted On": {
            "links": [
                {
                    "text": "View Page",
                    "href": "https://www.hktlora.com/?elementor_library=float-forms"
                },
                {
                    "text": "Edit Page",
                    "href": "https://www.hktlora.com/wp-admin/post.php?action=edit&post=2390"
                }
            ],
            "full_text": "Quote (View Page | Edit Page)"
        },
        "Submitted By": "Not a registered user"
    },
    "dingding": {
        "id": "dJmyKGytnT",
        "编号": "4465"
    }
}