{
    "form_submission": {
        "First Name": "Vern",
        "Last Name": "Carboni",
        "Email Address": "vern.carboni@gmail.com",
        "WhatsApp/Phone NO.": "0481 79 63 74",
        "Country": "Belgium",
        "Postcode": "",
        "Message": "Have you seen this rice thing? It's melting it off! https://youtu.be/ISxPEZkLk6g",
        "Date of Submission": "2023-12-25 03:02:21"
    },
    "extra_information": {
        "Submitted On": {
            "links": [
                {
                    "text": "View Page",
                    "href": "https://www.hktlora.com/contact/"
                },
                {
                    "text": "Edit Page",
                    "href": "https://www.hktlora.com/wp-admin/post.php?action=edit&post=57"
                }
            ],
            "full_text": "Contact (View Page | Edit Page)"
        },
        "Submitted By": "Not a registered user"
    },
    "dingding": {
        "id": "YBzchF5Dui",
        "编号": "4434"
    }
}