{
    "form_submission": {
        "Name": "Robertcep",
        "Comapny": "zelatcol@gmail.com",
        "Email Address": "zelatcol@gmail.com",
        "Country": "Georgia",
        "Message": "Salut, ech wollt Äre Präis wëssen.",
        "Date of Submission": "2023-11-02 18:39:56"
    },
    "extra_information": {
        "Submitted On": {
            "links": [
                {
                    "text": "View Page",
                    "href": "https://www.hktlora.com/"
                },
                {
                    "text": "Edit Page",
                    "href": "https://www.hktlora.com/wp-admin/post.php?action=edit&post=46"
                }
            ],
            "full_text": "Home (View Page | Edit Page)"
        },
        "Submitted By": "Not a registered user"
    },
    "dingding": {
        "id": "LiroRA2Xg0",
        "编号": "4228"
    }
}