{
    "form_submission": {
        "First Name": "Rushikesh",
        "Last Name": "Devnol",
        "Email Address": "devnolrushikesh3@gmail.com",
        "WhatsApp/Phone NO.": "9139548300",
        "Country": "India",
        "Postcode": "411033",
        "Message": "",
        "Date of Submission": "2023-10-23 01:55:45"
    },
    "extra_information": {
        "Submitted On": {
            "links": [
                {
                    "text": "View Page",
                    "href": "https://www.hktlora.com/contact/"
                },
                {
                    "text": "Edit Page",
                    "href": "https://www.hktlora.com/wp-admin/post.php?action=edit&post=57"
                }
            ],
            "full_text": "Contact (View Page | Edit Page)"
        },
        "Submitted By": "Not a registered user"
    },
    "dingding": {
        "id": "fQ9oa1RWFR",
        "编号": "4141"
    }
}