{
    "form_submission": {
        "First Name": "Rahul",
        "Last Name": "Golla",
        "Email Address": "rgolla@planetone-group.com",
        "WhatsApp/Phone NO.": "0588056688",
        "Country": "UAE",
        "Postcode": "",
        "Message": "Good Day! we have a bulk requirement of static water meter for our upcoming project. Looking forward to prompt response, we will forward our requirement.",
        "Date of Submission": "2023-12-08 18:22:41"
    },
    "extra_information": {
        "Submitted On": {
            "links": [
                {
                    "text": "View Page",
                    "href": "https://www.hktlora.com/contact/"
                },
                {
                    "text": "Edit Page",
                    "href": "https://www.hktlora.com/wp-admin/post.php?action=edit&post=57"
                }
            ],
            "full_text": "Contact (View Page | Edit Page)"
        },
        "Submitted By": "Not a registered user"
    },
    "dingding": {
        "id": "sqQxq22g8c",
        "编号": "4373"
    }
}