{
    "form_submission": {
        "Name": "gordon taylor",
        "Email": "gjtaylor69@gmail.com",
        "WhatsApp": "07748678347",
        "Country": "United Kingdom",
        "Message": "5no 600 2400 oak boards del to Dn40",
        "Date of Submission": "2022-12-21 21:27:12"
    },
    "extra_information": {
        "Submitted On": {
            "links": [
                {
                    "text": "View Page",
                    "href": "https://www.hktlora.com/?elementor_library=elementor-single-product-248"
                },
                {
                    "text": "Edit Page",
                    "href": "https://www.hktlora.com/wp-admin/post.php?action=edit&post=248"
                }
            ],
            "full_text": "Elementor Single Product #248 (View Page | Edit Page)"
        },
        "Submitted By": "Not a registered user"
    },
    "dingding": {
        "id": "7YfjMfJHCz",
        "编号": "1304"
    }
}