{
    "form_submission": {
        "Name": "Daniel",
        "Email": "daniortega1981@gmail.com",
        "Country": "Spain",
        "Message": "We are company telecare , we are interesting in sos telecare by watch please contact for details www.Teleasistenciacatalana.es",
        "Date of Submission": "2023-09-06 01:32:32"
    },
    "extra_information": {
        "Submitted On": {
            "links": [
                {
                    "text": "View Page",
                    "href": "https://www.hktlora.com/?elementor_library=float-forms"
                },
                {
                    "text": "Edit Page",
                    "href": "https://www.hktlora.com/wp-admin/post.php?action=edit&post=2390"
                }
            ],
            "full_text": "Quote (View Page | Edit Page)"
        },
        "Submitted By": "Not a registered user"
    },
    "dingding": {
        "id": "o3xwZi9Scr",
        "编号": "3987"
    }
}