{
    "form_submission": {
        "First Name": "Muhammad",
        "Last Name": "Rafay",
        "Email Address": "mrafay03042000@gmail.com",
        "WhatsApp/Phone NO.": "+971529452466",
        "Country": "Dubai",
        "Postcode": "00000",
        "Message": "Hello, I hope this email finds you well. I recently reached out to you regarding an exciting opportunity to improve your website's ranking on Google through high-quality guest posting with do-follow backlinks. However, I haven't received a response from you yet. As a skilled content writer and SEO specialist, I can create valuable and engaging articles that will be featured on reputable websites in your niche, effectively driving targeted traffic to your site and boosting its authority. I understand that you might be busy, but I wanted to remind you of this excellent chance to enhance your online visibility and reach a wider audience. If you're interested or have any questions about the process, please don't hesitate to reach out. I'm eager to discuss how we can tailor our guest posting strategy to your unique goals. Looking forward to hearing from you. Best regards, Muhammad Rafay",
        "Date of Submission": "2023-10-26 03:56:50"
    },
    "extra_information": {
        "Submitted On": {
            "links": [
                {
                    "text": "View Page",
                    "href": "https://www.hktlora.com/contact/"
                },
                {
                    "text": "Edit Page",
                    "href": "https://www.hktlora.com/wp-admin/post.php?action=edit&post=57"
                }
            ],
            "full_text": "Contact (View Page | Edit Page)"
        },
        "Submitted By": "Not a registered user"
    },
    "dingding": {
        "id": "0DHIhtkD0D",
        "编号": "4209"
    }
}