{
    "form_submission": {
        "Name": "Kevin R Lee",
        "Email": "Leemedical@comcast.net",
        "Country": "United States",
        "Message": "I'm a physician interested in the LoraWAN smartwartch",
        "Date of Submission": "2024-01-11 02:02:12"
    },
    "extra_information": {
        "Submitted On": {
            "links": [
                {
                    "text": "View Page",
                    "href": "https://www.hktlora.com/?elementor_library=float-forms"
                },
                {
                    "text": "Edit Page",
                    "href": "https://www.hktlora.com/wp-admin/post.php?action=edit&post=2390"
                }
            ],
            "full_text": "Quote (View Page | Edit Page)"
        },
        "Submitted By": "Not a registered user"
    },
    "dingding": {
        "id": "n8E8EUaUGs",
        "编号": "4462"
    }
}