{
    "form_submission": {
        "Name": "Leonardo",
        "Email": "rodrigo.rdroque@gmail.com",
        "Country": "",
        "Message": "",
        "Date of Submission": "2023-12-01 03:50:29"
    },
    "extra_information": {
        "Submitted On": {
            "links": [
                {
                    "text": "View Page",
                    "href": "https://www.hktlora.com/?elementor_library=float-forms"
                },
                {
                    "text": "Edit Page",
                    "href": "https://www.hktlora.com/wp-admin/post.php?action=edit&post=2390"
                }
            ],
            "full_text": "Quote (View Page | Edit Page)"
        },
        "Submitted By": "Not a registered user"
    },
    "dingding": {
        "id": "dXfGwqELPP",
        "编号": "4340"
    }
}