{
    "form_submission": {
        "Name": "Rudy",
        "Email": "rudy@rezysave.com",
        "Country": "USA",
        "Message": "Will likely order hundreds to thousands of these if it does what we need it to. What is the pricing/lead times?",
        "Date of Submission": "2023-10-24 00:36:59"
    },
    "extra_information": {
        "Submitted On": {
            "links": [
                {
                    "text": "View Page",
                    "href": "https://www.hktlora.com/?elementor_library=float-forms"
                },
                {
                    "text": "Edit Page",
                    "href": "https://www.hktlora.com/wp-admin/post.php?action=edit&post=2390"
                }
            ],
            "full_text": "Quote (View Page | Edit Page)"
        },
        "Submitted By": "Not a registered user"
    },
    "dingding": {
        "id": "NeCdxzcqTN",
        "编号": "4144"
    }
}