{
    "form_submission": {
        "Name": "Ongann_dgKl",
        "Comapny": "user206294@topsite.space",
        "Email Address": "user206294@topsite.space",
        "Country": "Russia",
        "Message": "InMotion Hosting: InMotion Hosting offers fast and reliable hosting services with excellent customer support. They provide a variety of hosting options, including business hosting, VPS hosting, and dedicated servers. HostGator: HostGator is known for its affordable plans and reliable performance. They offer unlimited storage and bandwidth, a variety of hosting options, and excellent customer support. http://webward.pw/.",
        "Date of Submission": "2023-07-28 11:25:44"
    },
    "extra_information": {
        "Submitted On": {
            "links": [
                {
                    "text": "View Page",
                    "href": "https://www.hktlora.com/"
                },
                {
                    "text": "Edit Page",
                    "href": "https://www.hktlora.com/wp-admin/post.php?action=edit&post=46"
                }
            ],
            "full_text": "Home (View Page | Edit Page)"
        },
        "Submitted By": "Not a registered user"
    },
    "dingding": {
        "id": "IjSCh6Y0f8",
        "编号": "3855"
    }
}