{
    "form_submission": {
        "Name": "Harwinder singh Harwinder singh",
        "Email": "maneersinghmanveersingh@gmail.com",
        "Country": "",
        "Message": "",
        "Date of Submission": "2023-12-15 01:18:04"
    },
    "extra_information": {
        "Submitted On": {
            "links": [
                {
                    "text": "View Page",
                    "href": "https://www.hktlora.com/?elementor_library=float-forms"
                },
                {
                    "text": "Edit Page",
                    "href": "https://www.hktlora.com/wp-admin/post.php?action=edit&post=2390"
                }
            ],
            "full_text": "Quote (View Page | Edit Page)"
        },
        "Submitted By": "Not a registered user"
    },
    "dingding": {
        "id": "aPuByC7hml",
        "编号": "4384"
    }
}