{
    "form_submission": {
        "First Name": "Caryn",
        "Last Name": "Khoo",
        "Email Address": "caryn@ialert.com.my",
        "WhatsApp/Phone NO.": "60124122322",
        "Country": "Malaysia",
        "Postcode": "47301",
        "Message": "Interested in the Lorawan smoke detector and gas detector, please provide a brochure with product information (description, features and advantages). Thank you for your attention to my request.",
        "Date of Submission": "2023-10-27 09:53:56"
    },
    "extra_information": {
        "Submitted On": {
            "links": [
                {
                    "text": "View Page",
                    "href": "https://www.hktlora.com/contact/"
                },
                {
                    "text": "Edit Page",
                    "href": "https://www.hktlora.com/wp-admin/post.php?action=edit&post=57"
                }
            ],
            "full_text": "Contact (View Page | Edit Page)"
        },
        "Submitted By": "Not a registered user"
    },
    "dingding": {
        "id": "7DpjnEyNq9",
        "编号": "4213"
    }
}