{
    "form_submission": {
        "Name": "Laurence Bahia",
        "Email": "lsbahia28@gmail.com",
        "Country": "Philippines",
        "Message": "We need a passenger counter for our bus operations.",
        "Date of Submission": "2023-10-06 14:50:51"
    },
    "extra_information": {
        "Submitted On": {
            "links": [
                {
                    "text": "View Page",
                    "href": "https://www.hktlora.com/?elementor_library=float-forms"
                },
                {
                    "text": "Edit Page",
                    "href": "https://www.hktlora.com/wp-admin/post.php?action=edit&post=2390"
                }
            ],
            "full_text": "Quote (View Page | Edit Page)"
        },
        "Submitted By": "Not a registered user"
    },
    "dingding": {
        "id": "UotQvJ6F5S",
        "编号": "4057"
    }
}