{
    "form_submission": {
        "Name": "Robertcep",
        "Comapny": "zelatcol@gmail.com",
        "Email Address": "zelatcol@gmail.com",
        "Country": "France",
        "Message": "Sveiki, aš norėjau sužinoti jūsų kainą.",
        "Date of Submission": "2023-09-12 22:44:57"
    },
    "extra_information": {
        "Submitted On": {
            "links": [
                {
                    "text": "View Page",
                    "href": "https://www.hktlora.com/"
                },
                {
                    "text": "Edit Page",
                    "href": "https://www.hktlora.com/wp-admin/post.php?action=edit&post=46"
                }
            ],
            "full_text": "Home (View Page | Edit Page)"
        },
        "Submitted By": "Not a registered user"
    },
    "dingding": {
        "id": "NBnLQyT6wP",
        "编号": "3999"
    }
}