{
    "form_submission": {
        "First Name": "Maria",
        "Last Name": "Stevenson",
        "Email Address": "maria@furthertrends.com",
        "WhatsApp/Phone NO.": "06439 59 77 39",
        "Country": "USA",
        "Postcode": "",
        "Message": "Hey, I just wanted to make sure you got the chance to try out the new A.I. tool that turns your website content into videos while there's still a free plan. Check it out here: http://furthertrends.com -Maria unsub from future comms: https://u.furthertrends.com",
        "Date of Submission": "2023-06-25 12:34:57"
    },
    "extra_information": {
        "Submitted On": {
            "links": [
                {
                    "text": "View Page",
                    "href": "https://www.hktlora.com/contact/"
                },
                {
                    "text": "Edit Page",
                    "href": "https://www.hktlora.com/wp-admin/post.php?action=edit&post=57"
                }
            ],
            "full_text": "Contact (View Page | Edit Page)"
        },
        "Submitted By": "Not a registered user"
    },
    "dingding": {
        "id": "w5GYNcFIDe",
        "编号": "3009"
    }
}