{
    "form_submission": {
        "Name": "Agustin",
        "Email": "avargasclerico@gmail.com",
        "Country": "Argentina",
        "Message": "Please send me the price of the LoRaWAN Ultrasonic Valve Controlled Smart Water Meter",
        "Date of Submission": "2023-11-12 11:26:44"
    },
    "extra_information": {
        "Submitted On": {
            "links": [
                {
                    "text": "View Page",
                    "href": "https://www.hktlora.com/?elementor_library=float-forms"
                },
                {
                    "text": "Edit Page",
                    "href": "https://www.hktlora.com/wp-admin/post.php?action=edit&post=2390"
                }
            ],
            "full_text": "Quote (View Page | Edit Page)"
        },
        "Submitted By": "Not a registered user"
    },
    "dingding": {
        "id": "FoXUFTOotT",
        "编号": "4253"
    }
}