{
    "form_submission": {
        "First Name": "Javier",
        "Last Name": "Valda",
        "Email Address": "javier.valda@idlc.tech",
        "WhatsApp/Phone NO.": "59170000021",
        "Country": "Bolivia",
        "Postcode": "0000",
        "Message": "Please I send us a quote for the lorawan water meter",
        "Date of Submission": "2024-02-08 23:00:56"
    },
    "extra_information": {
        "Submitted On": {
            "links": [
                {
                    "text": "View Page",
                    "href": "https://www.hktlora.com/contact/"
                },
                {
                    "text": "Edit Page",
                    "href": "https://www.hktlora.com/wp-admin/post.php?action=edit&post=57"
                }
            ],
            "full_text": "Contact (View Page | Edit Page)"
        },
        "Submitted By": "Not a registered user"
    },
    "dingding": {
        "id": "Je8bK7GpqH",
        "编号": "4554"
    }
}