{
    "form_submission": {
        "First Name": "Michael",
        "Last Name": "Ethridge",
        "Email Address": "ethridge.agustin@hotmail.com",
        "WhatsApp/Phone NO.": "1738085464",
        "Country": "Germany",
        "Postcode": "",
        "Message": "Why choose Our ongoing monthly SEO services? SEO is a great addition to your digital marketing plan if you want to help your business reach more valuable traffic and earn new leads. By investing in monthly SEO services, you’ll continue to optimize your site and earn new traffic. At our company, we have more than 16 years of experience creating SEO plans that drive results. We have a team of 50+ experts that will bring their knowledge and expertise to your campaign. Our team will help you create an SEO plan that works for your business. If you’re looking for an SEO company that drives results, look no further than us. To date, we’ve driven over 3x in sales and over 2x leads for our clients. We focus on driving successful campaigns for our clients first. Know more about us at https://digitalpromax.co/lb/ Also if you have Web development needs, Hire our Web developer at https://outsource-bpo.com/website/",
        "Date of Submission": "2024-01-06 03:03:25"
    },
    "extra_information": {
        "Submitted On": {
            "links": [
                {
                    "text": "View Page",
                    "href": "https://www.hktlora.com/contact/"
                },
                {
                    "text": "Edit Page",
                    "href": "https://www.hktlora.com/wp-admin/post.php?action=edit&post=57"
                }
            ],
            "full_text": "Contact (View Page | Edit Page)"
        },
        "Submitted By": "Not a registered user"
    },
    "dingding": {
        "id": "WqXwbZhDJu",
        "编号": "4451"
    }
}