{
    "form_submission": {
        "First Name": "eduardo",
        "Last Name": "pontes",
        "Email Address": "ejorge.pontes@supremesolutions.pt",
        "WhatsApp/Phone NO.": "+351910388925",
        "Country": "Portugal",
        "Postcode": "2720-414",
        "Message": "Good afternoon I would like to have more information and price for LoRaWAN Bio-Capsule For Cow, Compass LoRaWAN GPS Tracker, LoRaWAN GPS Health Wristband and LoRaWAN GPS Smartwatch I look forward to hearing from you Best Regards Eduardo",
        "Date of Submission": "2024-01-16 00:43:48"
    },
    "extra_information": {
        "Submitted On": {
            "links": [
                {
                    "text": "View Page",
                    "href": "https://www.hktlora.com/contact/"
                },
                {
                    "text": "Edit Page",
                    "href": "https://www.hktlora.com/wp-admin/post.php?action=edit&post=57"
                }
            ],
            "full_text": "Contact (View Page | Edit Page)"
        },
        "Submitted By": "Not a registered user"
    },
    "dingding": {
        "id": "IECUC0tWRV",
        "编号": "4495"
    }
}