{
    "form_submission": {
        "Name": "Karina Castilletti",
        "Comapny": "SEO",
        "Email Address": "karina.castilletti@gmail.com",
        "Country": "SUA",
        "Message": "I have a success rate in getting businesses to rank their website on the first page of Google. I’ve helped many clients reach their online marketing goals. web sites DA PA TRAFFIC https://complextime.com/ 53 50 14.0K https://thebossmagazine.com/ 51 52 27.0K https://www.digitalconnectmag.com 44 49 50.5K https://www.ultraupdates.com/ 77 50 72.9 k https://www.newshub.co.nz/ 85 57 9.00 m https://thehomesteadsurvival.com/ 76 50 58.3 k",
        "Date of Submission": "2023-09-05 14:05:41"
    },
    "extra_information": {
        "Submitted On": {
            "links": [
                {
                    "text": "View Page",
                    "href": "https://www.hktlora.com/"
                },
                {
                    "text": "Edit Page",
                    "href": "https://www.hktlora.com/wp-admin/post.php?action=edit&post=46"
                }
            ],
            "full_text": "Home (View Page | Edit Page)"
        },
        "Submitted By": "Not a registered user"
    },
    "dingding": {
        "id": "z4yuDjiq0I",
        "编号": "3984"
    }
}