{
    "form_submission": {
        "First Name": "Heidi",
        "Last Name": "Duckworth",
        "Email Address": "heidi.duckworth@gmail.com",
        "WhatsApp/Phone NO.": "662-274-6191",
        "Country": "United States",
        "Postcode": "",
        "Message": "This message showed up to you and I can make your message show up to millions of websites the same way. It's awesome and low-cost.Contact me by email or skype below if you want to know more. P. Stewart Email: 78rcv4@gomail2.xyz Skype: live:.cid.37ffc6c14225a4a8",
        "Date of Submission": "2024-01-28 08:34:24"
    },
    "extra_information": {
        "Submitted On": {
            "links": [
                {
                    "text": "View Page",
                    "href": "https://www.hktlora.com/contact/"
                },
                {
                    "text": "Edit Page",
                    "href": "https://www.hktlora.com/wp-admin/post.php?action=edit&post=57"
                }
            ],
            "full_text": "Contact (View Page | Edit Page)"
        },
        "Submitted By": "Not a registered user"
    },
    "dingding": {
        "id": "LpgiQWW5nF",
        "编号": "4530"
    }
}