{
    "form_submission": {
        "Name": "Maung Ye Tun",
        "Email": "mryetun@gmail.com",
        "Country": "Thailand",
        "Message": "do you also have small GPS sensor?",
        "Date of Submission": "2023-11-21 13:15:15"
    },
    "extra_information": {
        "Submitted On": {
            "links": [
                {
                    "text": "View Page",
                    "href": "https://www.hktlora.com/?elementor_library=float-forms"
                },
                {
                    "text": "Edit Page",
                    "href": "https://www.hktlora.com/wp-admin/post.php?action=edit&post=2390"
                }
            ],
            "full_text": "Quote (View Page | Edit Page)"
        },
        "Submitted By": "Not a registered user"
    },
    "dingding": {
        "id": "7NCyJTMAd9",
        "编号": "4301"
    }
}