{
    "form_submission": {
        "First Name": "CONSTANTINOU",
        "Last Name": "TANTINOU",
        "Email Address": "constantinou2023@hotmail.com",
        "WhatsApp/Phone NO.": "9057090706",
        "Country": "usa",
        "Postcode": "77077",
        "Message": "Hi I'm CONSTANTINOU, we are interested in your product, share your product catalog to our email below Contact email: constantinou2023@hotmail.com Regards",
        "Date of Submission": "2023-11-06 18:20:01"
    },
    "extra_information": {
        "Submitted On": {
            "links": [
                {
                    "text": "View Page",
                    "href": "https://www.hktlora.com/contact/"
                },
                {
                    "text": "Edit Page",
                    "href": "https://www.hktlora.com/wp-admin/post.php?action=edit&post=57"
                }
            ],
            "full_text": "Contact (View Page | Edit Page)"
        },
        "Submitted By": "Not a registered user"
    },
    "dingding": {
        "id": "PO1HrMU62l",
        "编号": "4237"
    }
}