{
    "form_submission": {
        "Name": "Muneesh Bhatnagar",
        "Email": "muneesh.bhatnagar@dcsplm.com",
        "Country": "India",
        "Message": "This is Muneesh Bhatnagar, and I represent DCS (Dysmech Competency Services Pvt. Ltd.), a company dedicated to establishing startup cells and skill development centers in technical universities and institutes. Our mission is to empower aspiring students with practical knowledge and skills, bridging the gap between academia and industry.",
        "Date of Submission": "2023-09-18 14:55:30"
    },
    "extra_information": {
        "Submitted On": {
            "links": [
                {
                    "text": "View Page",
                    "href": "https://www.hktlora.com/?elementor_library=float-forms"
                },
                {
                    "text": "Edit Page",
                    "href": "https://www.hktlora.com/wp-admin/post.php?action=edit&post=2390"
                }
            ],
            "full_text": "Quote (View Page | Edit Page)"
        },
        "Submitted By": "Not a registered user"
    },
    "dingding": {
        "id": "FRnxAV4Chu",
        "编号": "4009"
    }
}