{
    "form_submission": {
        "Name": "Christian Dünnes",
        "Email": "autohaus@duennes.de",
        "Country": "Germany",
        "Message": "I am interested",
        "Date of Submission": "2023-10-14 23:27:51"
    },
    "extra_information": {
        "Submitted On": {
            "links": [
                {
                    "text": "View Page",
                    "href": "https://www.hktlora.com/?elementor_library=float-forms"
                },
                {
                    "text": "Edit Page",
                    "href": "https://www.hktlora.com/wp-admin/post.php?action=edit&post=2390"
                }
            ],
            "full_text": "Quote (View Page | Edit Page)"
        },
        "Submitted By": "Not a registered user"
    },
    "dingding": {
        "id": "rgKKo1zra1",
        "编号": "4118"
    }
}