{
    "form_submission": {
        "Name": "Hans van den Berg",
        "Email": "hans@montiq.nl",
        "WhatsApp": "+31681774605",
        "Country": "Netherlands",
        "Message": "Hello, Can you quote me the following test order: 200 wooden acoustic panels / Akupanel 280 x 60 cm. What's the price for these 200 pc? And can you also quote CIF Rotterdam, The Netherlands, And delivery time? Please let me know. Regards, Hans van den Berg",
        "Date of Submission": "2023-03-23 15:53:14"
    },
    "extra_information": {
        "Submitted On": {
            "links": [
                {
                    "text": "View Page",
                    "href": "https://www.hktlora.com/our-factory/"
                },
                {
                    "text": "Edit Page",
                    "href": "https://www.hktlora.com/wp-admin/post.php?action=edit&post=52"
                }
            ],
            "full_text": "Our Factory (View Page | Edit Page)"
        },
        "Submitted By": "Not a registered user"
    },
    "dingding": {
        "id": "eI4eB9XUq0",
        "编号": "1663"
    }
}