{
    "form_submission": {
        "Name": "Lucky Jairath",
        "Email": "lucky@tkfgroup.ca",
        "Country": "Uae",
        "Message": "Hello! Kindly send the price for Dewa Approved water meter Qty - 5. Thanks 0521475241",
        "Date of Submission": "2023-12-16 12:10:23"
    },
    "extra_information": {
        "Submitted On": {
            "links": [
                {
                    "text": "View Page",
                    "href": "https://www.hktlora.com/?elementor_library=float-forms"
                },
                {
                    "text": "Edit Page",
                    "href": "https://www.hktlora.com/wp-admin/post.php?action=edit&post=2390"
                }
            ],
            "full_text": "Quote (View Page | Edit Page)"
        },
        "Submitted By": "Not a registered user"
    },
    "dingding": {
        "id": "1V7GQ615Wp",
        "编号": "4388"
    }
}