{
    "form_submission": {
        "Name": "Sonu nagar",
        "Email": "dushyant.nagar.7444@gmail.com",
        "Country": "India",
        "Message": "Jdje",
        "Date of Submission": "2023-09-04 16:32:06"
    },
    "extra_information": {
        "Submitted On": {
            "links": [
                {
                    "text": "View Page",
                    "href": "https://www.hktlora.com/?elementor_library=float-forms"
                },
                {
                    "text": "Edit Page",
                    "href": "https://www.hktlora.com/wp-admin/post.php?action=edit&post=2390"
                }
            ],
            "full_text": "Quote (View Page | Edit Page)"
        },
        "Submitted By": "Not a registered user"
    },
    "dingding": {
        "id": "31Yitrr3VD",
        "编号": "3980"
    }
}