{
    "form_submission": {
        "Name": "Benjamin Munkhart",
        "Email": "b.munkhart@blue-nodes.de",
        "Country": "Germany",
        "Message": "Hi Team, I am looking to get a quote on the HKT PC-100. Whats the IP Protection level of it? We would like to deploy a people counting solution outdoors. Thanks and best regards, Benjamin",
        "Date of Submission": "2024-01-19 17:16:18"
    },
    "extra_information": {
        "Submitted On": {
            "links": [
                {
                    "text": "View Page",
                    "href": "https://www.hktlora.com/?elementor_library=float-forms"
                },
                {
                    "text": "Edit Page",
                    "href": "https://www.hktlora.com/wp-admin/post.php?action=edit&post=2390"
                }
            ],
            "full_text": "Quote (View Page | Edit Page)"
        },
        "Submitted By": "Not a registered user"
    },
    "dingding": {
        "id": "tflIgxPogb",
        "编号": "4511"
    }
}