{
    "form_submission": {
        "Name": "JosephMog",
        "Email": "ppk3i3iux@mozmail.com",
        "Country": "Fiji",
        "Message": "",
        "Date of Submission": "2024-02-10 10:09:40"
    },
    "extra_information": {
        "Submitted On": {
            "links": [
                {
                    "text": "View Page",
                    "href": "https://www.hktlora.com/?elementor_library=float-forms"
                },
                {
                    "text": "Edit Page",
                    "href": "https://www.hktlora.com/wp-admin/post.php?action=edit&post=2390"
                }
            ],
            "full_text": "Quote (View Page | Edit Page)"
        },
        "Submitted By": "Not a registered user"
    },
    "dingding": {
        "id": "zr7QOQbHmC",
        "编号": "4562"
    }
}