{
    "form_submission": {
        "Name": "BHUSHAN KOTHADIYA",
        "Email": "RDKPPUR@GMAIL.COM",
        "Country": "India",
        "Message": "DN15 /DN20 / DN25",
        "Date of Submission": "2023-12-18 13:24:54"
    },
    "extra_information": {
        "Submitted On": {
            "links": [
                {
                    "text": "View Page",
                    "href": "https://www.hktlora.com/?elementor_library=float-forms"
                },
                {
                    "text": "Edit Page",
                    "href": "https://www.hktlora.com/wp-admin/post.php?action=edit&post=2390"
                }
            ],
            "full_text": "Quote (View Page | Edit Page)"
        },
        "Submitted By": "Not a registered user"
    },
    "dingding": {
        "id": "jKgndFokDD",
        "编号": "4395"
    }
}