{
    "form_submission": {
        "Name": "Faisal Rehman",
        "Email": "faisal.rehman@disrupt-x.io",
        "Country": "United Arab Emirates",
        "Message": "Hi, My name is Faisal. I am from an IoT solution provider company. I am interested in the smart door lock device. Would you please tell me whether this device supports NFC. Also would you share the datasheet, user manuals and pricing information for this device. Thanks!",
        "Date of Submission": "2023-11-09 19:43:29"
    },
    "extra_information": {
        "Submitted On": {
            "links": [
                {
                    "text": "View Page",
                    "href": "https://www.hktlora.com/?elementor_library=float-forms"
                },
                {
                    "text": "Edit Page",
                    "href": "https://www.hktlora.com/wp-admin/post.php?action=edit&post=2390"
                }
            ],
            "full_text": "Quote (View Page | Edit Page)"
        },
        "Submitted By": "Not a registered user"
    },
    "dingding": {
        "id": "Gh4F7T6Wg4",
        "编号": "4246"
    }
}