{
    "form_submission": {
        "First Name": "Diwakar",
        "Last Name": "Sharma",
        "Email Address": "sales@megatradelinks.com",
        "WhatsApp/Phone NO.": "+919922924946",
        "Country": "India",
        "Postcode": "411038",
        "Message": "An entrepreneur having 35 years of working experience across industry segments in technical sale and marketing of Information technologies and industrial automation products in PAN INDIA. Looking to start up an second inning as an independent associate / Dealer/ Distributor or business partner to business a well established brand or innovative and technical sale, Industrial products and services in and from Pune Maharashtra India",
        "Date of Submission": "2023-09-02 19:59:24"
    },
    "extra_information": {
        "Submitted On": {
            "links": [
                {
                    "text": "View Page",
                    "href": "https://www.hktlora.com/distributor/"
                },
                {
                    "text": "Edit Page",
                    "href": "https://www.hktlora.com/wp-admin/post.php?action=edit&post=389"
                }
            ],
            "full_text": "Distributor (View Page | Edit Page)"
        },
        "Submitted By": "Not a registered user"
    },
    "dingding": {
        "id": "dtjDT5s5yw",
        "编号": "3974"
    }
}