{
    "form_submission": {
        "First Name": "RAVI KUMAR",
        "Last Name": "KUMAR",
        "Email Address": "indigo.industrialsystem@gmail.com",
        "WhatsApp/Phone NO.": "9866150910",
        "Country": "INDIA",
        "Postcode": "505209",
        "Message": "Dear Sir, WE ARE REQUIRED TELEMETRY DIGITAL USONIC WATER FLOW MTR 150MM PLEASE FIND THE ATTACHMENT FILE SIR. AS PER SPECIFICATION SEND ME QUOTATION SIR VERY VERY VERY LOWEST COMPETITIVE BEST PRICE SEND ME QUOTATION SIR. Indigo industrial systems, Ravi kumar 9866150910 0070 Karunakar 6300497647",
        "Date of Submission": "2023-10-20 12:30:07"
    },
    "extra_information": {
        "Submitted On": {
            "links": [
                {
                    "text": "View Page",
                    "href": "https://www.hktlora.com/contact/"
                },
                {
                    "text": "Edit Page",
                    "href": "https://www.hktlora.com/wp-admin/post.php?action=edit&post=57"
                }
            ],
            "full_text": "Contact (View Page | Edit Page)"
        },
        "Submitted By": "Not a registered user"
    },
    "dingding": {
        "id": "vBNjfeLhB8",
        "编号": "4136"
    }
}