{
    "form_submission": {
        "First Name": "serge",
        "Last Name": "Le Masson",
        "Email Address": "contact@planet-help.fr",
        "WhatsApp/Phone NO.": "0614824878",
        "Country": "France",
        "Postcode": "76360",
        "Message": "bonjour, pourriez me contacter pour mieux connaitre vos produits et avez vous des revendeurs en France, merci",
        "Date of Submission": "2023-09-28 21:21:44"
    },
    "extra_information": {
        "Submitted On": {
            "links": [
                {
                    "text": "View Page",
                    "href": "https://www.hktlora.com/distributor/"
                },
                {
                    "text": "Edit Page",
                    "href": "https://www.hktlora.com/wp-admin/post.php?action=edit&post=389"
                }
            ],
            "full_text": "Distributor (View Page | Edit Page)"
        },
        "Submitted By": "Not a registered user"
    },
    "dingding": {
        "id": "NWFll4oHGe",
        "编号": "4043"
    }
}