{
    "form_submission": {
        "First Name": "Adam",
        "Last Name": "Papp",
        "Email Address": "adam.papp@smartsolutions.hu",
        "WhatsApp/Phone NO.": "+36204205069",
        "Country": "Hungary",
        "Postcode": "",
        "Message": "I am really interested about your LoRaWAN smart watch. Let's talk about it.",
        "Date of Submission": "2024-01-15 20:40:25"
    },
    "extra_information": {
        "Submitted On": {
            "links": [
                {
                    "text": "View Page",
                    "href": "https://www.hktlora.com/contact/"
                },
                {
                    "text": "Edit Page",
                    "href": "https://www.hktlora.com/wp-admin/post.php?action=edit&post=57"
                }
            ],
            "full_text": "Contact (View Page | Edit Page)"
        },
        "Submitted By": "Not a registered user"
    },
    "dingding": {
        "id": "1OEddIaK73",
        "编号": "4493"
    }
}