{
    "form_submission": {
        "Name": "Vincent Mehmeti",
        "Email": "vincent.mehmeti@kungalvenergi.se",
        "Country": "Sweden",
        "Message": "Want to know the price for equipment for a fully functional LoraWan network",
        "Date of Submission": "2024-02-02 07:06:43"
    },
    "extra_information": {
        "Submitted On": {
            "links": [
                {
                    "text": "View Page",
                    "href": "https://www.hktlora.com/?elementor_library=float-forms"
                },
                {
                    "text": "Edit Page",
                    "href": "https://www.hktlora.com/wp-admin/post.php?action=edit&post=2390"
                }
            ],
            "full_text": "Quote (View Page | Edit Page)"
        },
        "Submitted By": "Not a registered user"
    },
    "dingding": {
        "id": "tdhjq4vfvl",
        "编号": "4540"
    }
}