{
    "form_submission": {
        "Name": "曾赛学",
        "Email": "499204027@qq.com",
        "Country": "中国",
        "Message": "HKT-GAT-100 800pcs",
        "Date of Submission": "2024-02-18 11:53:17"
    },
    "extra_information": {
        "Submitted On": {
            "links": [
                {
                    "text": "View Page",
                    "href": "https://www.hktlora.com/?elementor_library=float-forms"
                },
                {
                    "text": "Edit Page",
                    "href": "https://www.hktlora.com/wp-admin/post.php?action=edit&post=2390"
                }
            ],
            "full_text": "Quote (View Page | Edit Page)"
        },
        "Submitted By": "Not a registered user"
    },
    "dingding": {
        "id": "7DbQv9PwAZ",
        "编号": "4579"
    }
}