{
    "form_submission": {
        "Name": "Robertcep",
        "Comapny": "alfredegov@gmail.com",
        "Email Address": "alfredegov@gmail.com",
        "Country": "Poland",
        "Message": "Ndewo, achọrọ m ịmara ọnụahịa gị.",
        "Date of Submission": "2023-07-03 20:31:50"
    },
    "extra_information": {
        "Submitted On": {
            "links": [
                {
                    "text": "View Page",
                    "href": "https://www.hktlora.com/"
                },
                {
                    "text": "Edit Page",
                    "href": "https://www.hktlora.com/wp-admin/post.php?action=edit&post=46"
                }
            ],
            "full_text": "Home (View Page | Edit Page)"
        },
        "Submitted By": "Not a registered user"
    },
    "dingding": {
        "id": "kg4k4OgGJn",
        "编号": "3420"
    }
}