{
    "form_submission": {
        "First Name": "Andriy",
        "Last Name": "Sheffer",
        "Email Address": "andriy.sheffer@tdb.ua",
        "WhatsApp/Phone NO.": "+380504306044",
        "Country": "Украина",
        "Postcode": "79041",
        "Message": "For a pilot project we want to buy a couple of these trackers: https://www.hktlora.com/product/lorawan-gps-cattle-tracker/ Please give me the price and delivery time.",
        "Date of Submission": "2023-11-30 16:07:42"
    },
    "extra_information": {
        "Submitted On": {
            "links": [
                {
                    "text": "View Page",
                    "href": "https://www.hktlora.com/contact/"
                },
                {
                    "text": "Edit Page",
                    "href": "https://www.hktlora.com/wp-admin/post.php?action=edit&post=57"
                }
            ],
            "full_text": "Contact (View Page | Edit Page)"
        },
        "Submitted By": "Not a registered user"
    },
    "dingding": {
        "id": "ahm4XcqJwf",
        "编号": "4337"
    }
}