{
    "form_submission": {
        "Name": "saurav",
        "Comapny": "Event U All",
        "Email Address": "saurav_saket@eventuall.com",
        "Country": "India",
        "Message": "",
        "Date of Submission": "2023-12-11 18:06:52"
    },
    "extra_information": {
        "Submitted On": {
            "links": [
                {
                    "text": "View Page",
                    "href": "https://www.hktlora.com/"
                },
                {
                    "text": "Edit Page",
                    "href": "https://www.hktlora.com/wp-admin/post.php?action=edit&post=46"
                }
            ],
            "full_text": "Home (View Page | Edit Page)"
        },
        "Submitted By": "Not a registered user"
    },
    "dingding": {
        "id": "RPqYfpPe31",
        "编号": "4380"
    }
}