{
    "form_submission": {
        "Name": "Mike MacAdam",
        "Comapny": "mikeWapY@gmail.com",
        "Email Address": "mikeWapY@gmail.com",
        "Country": "Netherlands Antilles",
        "Message": "Hello This is Mike MacAdam Let me introduce to you our latest research results from our constant SEO feedbacks that we have from our plans: https://www.strictlydigital.net/product/semrush-backlinks/ The new Semrush Backlinks, which will make your hktlora.com SEO trend have an immediate push. The method is actually very simple, we are building links from domains that have a high number of keywords ranking for them.  Forget about the SEO metrics or any other factors that so many tools try to teach you that is good. The most valuable link is the one that comes from a website that has a healthy trend and lots of ranking keywords. We thought about that, so we have built this plan for you Check in detail here: https://www.strictlydigital.net/product/semrush-backlinks/ Cheap and effective Try it anytime soon Regards Mike MacAdam mike@strictlydigital.net",
        "Date of Submission": "2023-11-14 13:12:50"
    },
    "extra_information": {
        "Submitted On": {
            "links": [
                {
                    "text": "View Page",
                    "href": "https://www.hktlora.com/"
                },
                {
                    "text": "Edit Page",
                    "href": "https://www.hktlora.com/wp-admin/post.php?action=edit&post=46"
                }
            ],
            "full_text": "Home (View Page | Edit Page)"
        },
        "Submitted By": "Not a registered user"
    },
    "dingding": {
        "id": "sFTwDQEW4M",
        "编号": "4255"
    }
}