{
    "form_submission": {
        "Name": "Pitroda Satyan",
        "Comapny": "projectdept@kanzalshamsprojectmgt.com",
        "Email Address": "projectdept@kanzalshamsprojectmgt.com",
        "Country": "Portugal",
        "Message": "Greetings, Am glad to connect with you, My name is Pitroda Satyan G, am an investment consultant with KANZ ALSHAMS PROJECT CONSULTANT, I have been mandated by the company to source for investment opportunities and companies seeking for funding, business loans, for its project(s). Do you have any investment or project that is seeking for capital to fund it? Our Investments financing focus is on: Seed Capital, Early-Stage, Start-Up Ventures, , Brokerage, Private Finance, Renewable Energy Project, Commercial Real Estate, Blockchain, Technology, Telecommunication, Infrastructure, Agriculture, Animal Breeding, Hospitality, Healthcare, Oil/Gas/Refinery. Application reserved for business executives and companies with proven business records in search of funding for expansion or forcapital investments.. Kindly contact me for further details. await your return e.mail soonest. Regards Dr. Pitroda Satyan G KANZ ALSHAMS PROJECT CONSULTANT Address: 72469 Jahra Road Shuwaikh Industrial Tel: +968 7866 9578 Email: info@kanzalshamsprojectmgt.com",
        "Date of Submission": "2023-12-01 05:24:10"
    },
    "extra_information": {
        "Submitted On": {
            "links": [
                {
                    "text": "View Page",
                    "href": "https://www.hktlora.com/"
                },
                {
                    "text": "Edit Page",
                    "href": "https://www.hktlora.com/wp-admin/post.php?action=edit&post=46"
                }
            ],
            "full_text": "Home (View Page | Edit Page)"
        },
        "Submitted By": "Not a registered user"
    },
    "dingding": {
        "id": "r5dYXGd8Yb",
        "编号": "4341"
    }
}