{
    "form_submission": {
        "First Name": "Jim",
        "Last Name": "Mahoney",
        "Email Address": "george.mahoney@msn.com",
        "WhatsApp/Phone NO.": "5673090990",
        "Country": "Netherlands",
        "Postcode": "",
        "Message": "Is Your Search Console Reporting Errors? Don't let issues hold back your SEO! Specializing in fixing Search Console errors for higher rankings. Resolve crawl issues, improve indexing, and supercharge your SEO. Let's boost your site together! Visit now: https://speedexpert.co/search-console/ We also offer Web Designing Services: 7 Pages Website, 2 Contact Forms, Responsive Design, Onsite SEO, Banner with Slideshow on Home Page, Professional and affordable website design - Starts $79 . More details: https://wpexpertspro.co/website/",
        "Date of Submission": "2023-11-23 10:13:28"
    },
    "extra_information": {
        "Submitted On": {
            "links": [
                {
                    "text": "View Page",
                    "href": "https://www.hktlora.com/contact/"
                },
                {
                    "text": "Edit Page",
                    "href": "https://www.hktlora.com/wp-admin/post.php?action=edit&post=57"
                }
            ],
            "full_text": "Contact (View Page | Edit Page)"
        },
        "Submitted By": "Not a registered user"
    },
    "dingding": {
        "id": "DtdTkA0XDx",
        "编号": "4305"
    }
}