{
    "form_submission": {
        "Name": "Dev",
        "Email": "upadhyaydeveshranu@gmail.com",
        "Country": "India",
        "Message": "Need to import digital to locks on our brand name",
        "Date of Submission": "2023-11-19 01:40:00"
    },
    "extra_information": {
        "Submitted On": {
            "links": [
                {
                    "text": "View Page",
                    "href": "https://www.hktlora.com/?elementor_library=float-forms"
                },
                {
                    "text": "Edit Page",
                    "href": "https://www.hktlora.com/wp-admin/post.php?action=edit&post=2390"
                }
            ],
            "full_text": "Quote (View Page | Edit Page)"
        },
        "Submitted By": "Not a registered user"
    },
    "dingding": {
        "id": "VnQHzYcVuJ",
        "编号": "4284"
    }
}