{
    "form_submission": {
        "Name": "Mike Nash",
        "Comapny": "mikesorusnesse@gmail.com",
        "Email Address": "mikesorusnesse@gmail.com",
        "Country": "New Zealand",
        "Message": "If you are looking to rank your local business on Google Maps in a specific area, this service is for you. Google Map Stacking is a highly effective technique for ranking your GMB within a specific mile radius. More info: https://www.speed-seo.net/product/google-maps-pointers/ December SALE -30% coupon: XMS30 Thanks and Regards Mike Mike Nash PS: Want a comprehensive local plan that covers everything? https://www.speed-seo.net/product/local-seo-bundle/",
        "Date of Submission": "2023-12-22 11:15:23"
    },
    "extra_information": {
        "Submitted On": {
            "links": [
                {
                    "text": "View Page",
                    "href": "https://www.hktlora.com/"
                },
                {
                    "text": "Edit Page",
                    "href": "https://www.hktlora.com/wp-admin/post.php?action=edit&post=46"
                }
            ],
            "full_text": "Home (View Page | Edit Page)"
        },
        "Submitted By": "Not a registered user"
    },
    "dingding": {
        "id": "6F5GBxZdFd",
        "编号": "4422"
    }
}