{
    "form_submission": {
        "Name": "Seema Vij",
        "Email": "Seemavij@live.ie",
        "WhatsApp": "",
        "Country": "Ireland",
        "Message": "Hi , I am looking a prize for smoked oak black acoustic panels.",
        "Date of Submission": "2023-04-06 18:25:19"
    },
    "extra_information": {
        "Submitted On": {
            "links": [
                {
                    "text": "View Page",
                    "href": "https://www.hktlora.com/?elementor_library=elementor-single-product-248"
                },
                {
                    "text": "Edit Page",
                    "href": "https://www.hktlora.com/wp-admin/post.php?action=edit&post=248"
                }
            ],
            "full_text": "Elementor Single Product #248 (View Page | Edit Page)"
        },
        "Submitted By": "Not a registered user"
    },
    "dingding": {
        "id": "dFsQTfkXJp",
        "编号": "1667"
    }
}