{
    "form_submission": {
        "Name": "SAUNDA MARAKKALA GANESH PRIYANTHA RENUKA",
        "Email": "renuka@dar.lk",
        "Country": "Sri Lanka",
        "Message": "I need to get more details of Dry Type Smart Water Meter",
        "Date of Submission": "2023-12-06 16:39:11"
    },
    "extra_information": {
        "Submitted On": {
            "links": [
                {
                    "text": "View Page",
                    "href": "https://www.hktlora.com/?elementor_library=float-forms"
                },
                {
                    "text": "Edit Page",
                    "href": "https://www.hktlora.com/wp-admin/post.php?action=edit&post=2390"
                }
            ],
            "full_text": "Quote (View Page | Edit Page)"
        },
        "Submitted By": "Not a registered user"
    },
    "dingding": {
        "id": "i5dzB9oZS9",
        "编号": "4367"
    }
}