{
    "form_submission": {
        "Name": "Sophie Haywood",
        "Email": "sophieehaywoodd@gmail.com",
        "WhatsApp": "",
        "Country": "United Kingdom",
        "Message": "I would like slats to be 3m in height and I need enough to cover a wall that’s 5.5m wide, in walnut, Thankyou",
        "Date of Submission": "2023-02-01 18:22:40"
    },
    "extra_information": {
        "Submitted On": {
            "links": [
                {
                    "text": "View Page",
                    "href": "https://www.hktlora.com/?elementor_library=elementor-single-product-248"
                },
                {
                    "text": "Edit Page",
                    "href": "https://www.hktlora.com/wp-admin/post.php?action=edit&post=248"
                }
            ],
            "full_text": "Elementor Single Product #248 (View Page | Edit Page)"
        },
        "Submitted By": "Not a registered user"
    },
    "dingding": {
        "id": "r5Oom0d6Ix",
        "编号": "1442"
    }
}