{
    "form_submission": {
        "Name": "alessandro",
        "Email": "alebs91@hotmail.it",
        "WhatsApp": "",
        "Country": "Netherlands",
        "Message": "Hello, I would like to buy Slatted Wood Panels 220x90 cm. what is your quote? thanks!",
        "Date of Submission": "2023-04-28 16:55:10"
    },
    "extra_information": {
        "Submitted On": {
            "links": [
                {
                    "text": "View Page",
                    "href": "https://www.hktlora.com/?elementor_library=elementor-single-product-248"
                },
                {
                    "text": "Edit Page",
                    "href": "https://www.hktlora.com/wp-admin/post.php?action=edit&post=248"
                }
            ],
            "full_text": "Elementor Single Product #248 (View Page | Edit Page)"
        },
        "Submitted By": "Not a registered user"
    },
    "dingding": {
        "id": "XDxk4bEtDw",
        "编号": "1912"
    }
}