{
    "form_submission": {
        "Name": "Myron Francis Castelino",
        "Email": "myron127@yahoo.com",
        "Country": "India",
        "Message": "Please submit the quote for 18 water meters. Regards, Myron 8411042878",
        "Date of Submission": "2023-12-04 13:09:40"
    },
    "extra_information": {
        "Submitted On": {
            "links": [
                {
                    "text": "View Page",
                    "href": "https://www.hktlora.com/?elementor_library=float-forms"
                },
                {
                    "text": "Edit Page",
                    "href": "https://www.hktlora.com/wp-admin/post.php?action=edit&post=2390"
                }
            ],
            "full_text": "Quote (View Page | Edit Page)"
        },
        "Submitted By": "Not a registered user"
    },
    "dingding": {
        "id": "kS2yMQ60E1",
        "编号": "4361"
    }
}