{
    "form_submission": {
        "First Name": "Wasay",
        "Last Name": "Ali",
        "Email Address": "Backlinkexpert@hmstech.xyz",
        "WhatsApp/Phone NO.": "+923160721187",
        "Country": "Pakistan",
        "Postcode": "50090",
        "Message": "Greetings, I trust this message finds you in good health and spirit. Are you seeking to expand your online reach, enhance your website’s authority and drive highly targeted website traffic? Our esteemed guest posting services can facilitate the accomplishment of this objective. Let me highlight the advantages of guest posting to help you achieve your goals. Guest posting builds trust and authority with search engines, elevating your Google rankings over time. This leads to increased business opportunities for your website. By availing our guest posting services ensures an array of benefits, including; • Heightened Authority and Credibility • SEO Improvement • Traffic Boost • Brand Exposure Elevate your brand's digital presence with our expert team's assistance, unlocking the full benefits of strategic guest posting.",
        "Date of Submission": "2023-12-31 23:09:23"
    },
    "extra_information": {
        "Submitted On": {
            "links": [
                {
                    "text": "View Page",
                    "href": "https://www.hktlora.com/contact/"
                },
                {
                    "text": "Edit Page",
                    "href": "https://www.hktlora.com/wp-admin/post.php?action=edit&post=57"
                }
            ],
            "full_text": "Contact (View Page | Edit Page)"
        },
        "Submitted By": "Not a registered user"
    },
    "dingding": {
        "id": "Bxzj50dS45",
        "编号": "4445"
    }
}