{
    "form_submission": {
        "First Name": "mustafa",
        "Last Name": "hezer",
        "Email Address": "destek@osos.com.tr",
        "WhatsApp/Phone NO.": "+905326670621",
        "Country": "Türkiye",
        "Postcode": "34330",
        "Message": "I am generally interested in your Lorawan products.",
        "Date of Submission": "2023-11-26 06:24:28"
    },
    "extra_information": {
        "Submitted On": {
            "links": [
                {
                    "text": "View Page",
                    "href": "https://www.hktlora.com/contact/"
                },
                {
                    "text": "Edit Page",
                    "href": "https://www.hktlora.com/wp-admin/post.php?action=edit&post=57"
                }
            ],
            "full_text": "Contact (View Page | Edit Page)"
        },
        "Submitted By": "Not a registered user"
    },
    "dingding": {
        "id": "leppOl2v9d",
        "编号": "4324"
    }
}