{
    "form_submission": {
        "Name": "Sondes Baccouri",
        "Email": "b.sondesss@gmail.com",
        "Country": "Tunisie",
        "Message": "I am interested in purchasing five smartwatches that offer multiple functionalities. These watches should be equipped with motion sensors for real-time positioning and wear detection capabilities. The ideal IoT smartwatch would be capable of collecting real-time health data, including heart rate, blood oxygen saturation (SpO2), heart rate variability (HRV), blood pressure, body temperature, step count, and sleep monitoring",
        "Date of Submission": "2023-12-30 21:30:59"
    },
    "extra_information": {
        "Submitted On": {
            "links": [
                {
                    "text": "View Page",
                    "href": "https://www.hktlora.com/?elementor_library=float-forms"
                },
                {
                    "text": "Edit Page",
                    "href": "https://www.hktlora.com/wp-admin/post.php?action=edit&post=2390"
                }
            ],
            "full_text": "Quote (View Page | Edit Page)"
        },
        "Submitted By": "Not a registered user"
    },
    "dingding": {
        "id": "WlPh83TM0n",
        "编号": "4444"
    }
}