{
    "form_submission": {
        "Name": "Mike Pearcy",
        "Comapny": "petertwipse@gmail.com",
        "Email Address": "petertwipse@gmail.com",
        "Country": "United States",
        "Message": "Howdy I have just took a look on your SEO for hktlora.com for its SEO metrics and saw that your website could use a push. We will increase your ranks organically and safely, using only state of the art AI and whitehat methods, while providing monthly reports and outstanding support. More info: https://www.digital-x-press.com/unbeatable-seo/ Regards Mike Pearcy Digital X SEO Experts",
        "Date of Submission": "2024-01-05 22:45:14"
    },
    "extra_information": {
        "Submitted On": {
            "links": [
                {
                    "text": "View Page",
                    "href": "https://www.hktlora.com/"
                },
                {
                    "text": "Edit Page",
                    "href": "https://www.hktlora.com/wp-admin/post.php?action=edit&post=46"
                }
            ],
            "full_text": "Home (View Page | Edit Page)"
        },
        "Submitted By": "Not a registered user"
    },
    "dingding": {
        "id": "n3ZOQlQfcg",
        "编号": "4449"
    }
}