{
    "form_submission": {
        "Name": "Philcep",
        "Comapny": "septon36giannixi@gmail.com",
        "Email Address": "septon36giannixi@gmail.com",
        "Country": "Poland",
        "Message": "Hi, მინდოდა ვიცოდე თქვენი ფასი.",
        "Date of Submission": "2023-12-26 12:00:20"
    },
    "extra_information": {
        "Submitted On": {
            "links": [
                {
                    "text": "View Page",
                    "href": "https://www.hktlora.com/"
                },
                {
                    "text": "Edit Page",
                    "href": "https://www.hktlora.com/wp-admin/post.php?action=edit&post=46"
                }
            ],
            "full_text": "Home (View Page | Edit Page)"
        },
        "Submitted By": "Not a registered user"
    },
    "dingding": {
        "id": "2AXiYbqTd2",
        "编号": "4436"
    }
}