{
    "form_submission": {
        "First Name": "Rachiolsk",
        "Last Name": "lolo3390@hotmail.com",
        "Email Address": "lolo3390@hotmail.com",
        "WhatsApp/Phone NO.": "Rachioflm",
        "Country": "USA",
        "Postcode": "121421",
        "Message": "Western Europe also formed",
        "Date of Submission": "2023-06-09 15:40:32"
    },
    "extra_information": {
        "Submitted On": {
            "links": [
                {
                    "text": "View Page",
                    "href": "https://www.hktlora.com/contact/"
                },
                {
                    "text": "Edit Page",
                    "href": "https://www.hktlora.com/wp-admin/post.php?action=edit&post=57"
                }
            ],
            "full_text": "Contact (View Page | Edit Page)"
        },
        "Submitted By": "Not a registered user"
    },
    "dingding": {
        "id": "92eazIsRvS",
        "编号": "2822"
    }
}