{
    "form_submission": {
        "Name": "Anton Sergeevich",
        "Email": "seolinkbuilder49@gmail.com",
        "WhatsApp": "3089207167",
        "Country": "Pakistan",
        "Message": "Hello Do you want success in your work? I can work for you on Guest posting or link insertions in SEO. I will provide high-quality Sponsored Guest Posting Or Link Insertions service. We have 10000+ High-Quality DA and DR with Traffic sites. We will give you dofollow links and permanent posts. What is your requirement for a guest posting or links insertions service? I will send you high-quality Sites for your requirement related to guest posting or link insertions. If you have any more questions kindly let me know, I'm always here to help our clients. Warm Regards",
        "Date of Submission": "2023-09-04 22:14:54"
    },
    "extra_information": {
        "Submitted On": {
            "links": [
                {
                    "text": "View Page",
                    "href": "https://www.hktlora.com/services/"
                },
                {
                    "text": "Edit Page",
                    "href": "https://www.hktlora.com/wp-admin/post.php?action=edit&post=48"
                }
            ],
            "full_text": "Services (View Page | Edit Page)"
        },
        "Submitted By": "Not a registered user"
    },
    "dingding": {
        "id": "f9vcsGCEea",
        "编号": "3983"
    }
}