{
    "form_submission": {
        "First Name": "Daniel",
        "Last Name": "Sànchez",
        "Email Address": "danasanc@gmail.com",
        "WhatsApp/Phone NO.": "0980386054",
        "Country": "Ecuador",
        "Postcode": "090703",
        "Message": "Hello, greetings from Ecuador, writes Daniel Sánchez, Hardware Engineer, and I am working on an outdoor gateway research project for the city of Guayaquil - Ecuador, and I would like to know what devices you have with these characteristics, what we are looking for are gateways outdoor with the greatest possible range to install in a base radio in the city, and Lorawan devices with GPS for high-precision tracking applications, that are small, that is, they are portable, and have a long battery life, preferably the battery can be recharged.",
        "Date of Submission": "2024-01-20 00:40:52"
    },
    "extra_information": {
        "Submitted On": {
            "links": [
                {
                    "text": "View Page",
                    "href": "https://www.hktlora.com/contact/"
                },
                {
                    "text": "Edit Page",
                    "href": "https://www.hktlora.com/wp-admin/post.php?action=edit&post=57"
                }
            ],
            "full_text": "Contact (View Page | Edit Page)"
        },
        "Submitted By": "Not a registered user"
    },
    "dingding": {
        "id": "oAQLeDYd13",
        "编号": "4512"
    }
}