{
    "form_submission": {
        "Name": "Javier Valda",
        "Email": "valdajavier@gmail.com",
        "Country": "Bolivia",
        "Message": "Please send us a quote for 1500 units",
        "Date of Submission": "2024-02-08 04:38:41"
    },
    "extra_information": {
        "Submitted On": {
            "links": [
                {
                    "text": "View Page",
                    "href": "https://www.hktlora.com/?elementor_library=float-forms"
                },
                {
                    "text": "Edit Page",
                    "href": "https://www.hktlora.com/wp-admin/post.php?action=edit&post=2390"
                }
            ],
            "full_text": "Quote (View Page | Edit Page)"
        },
        "Submitted By": "Not a registered user"
    },
    "dingding": {
        "id": "3agb4J0zPd",
        "编号": "4552"
    }
}