{
    "form_submission": {
        "First Name": "katherine",
        "Last Name": "brown",
        "Email Address": "katherine@guest-post-service.com",
        "WhatsApp/Phone NO.": "02036638663",
        "Country": "United Kingdom",
        "Postcode": "33125",
        "Message": "Hello, I just checked your recent guest post here https://metapress.com/lorawan-smart-watch-facilitating-real-time-healthcare-with-iot-technology/ and would like to know if you are looking for some more guest posts. If you do not manage this, please get me in touch with your marketing agency and we can do wonders together. I'm a guest blogger, and I can help get more powerful publications for your website. We are looking forward to hearing from you. Thanks Katherine Brown Web Site: https://www. guest-post-service.com P.S. We're sorry if you get emails multiple times. Reply with NO for removal",
        "Date of Submission": "2023-09-04 19:37:12"
    },
    "extra_information": {
        "Submitted On": {
            "links": [
                {
                    "text": "View Page",
                    "href": "https://www.hktlora.com/contact/"
                },
                {
                    "text": "Edit Page",
                    "href": "https://www.hktlora.com/wp-admin/post.php?action=edit&post=57"
                }
            ],
            "full_text": "Contact (View Page | Edit Page)"
        },
        "Submitted By": "Not a registered user"
    },
    "dingding": {
        "id": "uueTemedXE",
        "编号": "3982"
    }
}