{
    "form_submission": {
        "Name": "hussein",
        "Email": "hysh890@gmail.com",
        "Country": "dubai",
        "Message": "hello dear we looking for those bulk water meter sayoon",
        "Date of Submission": "2023-11-18 16:47:39"
    },
    "extra_information": {
        "Submitted On": {
            "links": [
                {
                    "text": "View Page",
                    "href": "https://www.hktlora.com/?elementor_library=float-forms"
                },
                {
                    "text": "Edit Page",
                    "href": "https://www.hktlora.com/wp-admin/post.php?action=edit&post=2390"
                }
            ],
            "full_text": "Quote (View Page | Edit Page)"
        },
        "Submitted By": "Not a registered user"
    },
    "dingding": {
        "id": "lIJIwTYOLV",
        "编号": "4270"
    }
}