{
    "form_submission": {
        "Name": "tiradate",
        "Email": "pepperwalkie@gmail.com",
        "Country": "thai",
        "Message": "hi i neet to know rang of lora smoke detection",
        "Date of Submission": "2023-11-08 07:30:18"
    },
    "extra_information": {
        "Submitted On": {
            "links": [
                {
                    "text": "View Page",
                    "href": "https://www.hktlora.com/?elementor_library=float-forms"
                },
                {
                    "text": "Edit Page",
                    "href": "https://www.hktlora.com/wp-admin/post.php?action=edit&post=2390"
                }
            ],
            "full_text": "Quote (View Page | Edit Page)"
        },
        "Submitted By": "Not a registered user"
    },
    "dingding": {
        "id": "cXIwoELXv4",
        "编号": "4243"
    }
}