{
    "form_submission": {
        "Name": "JosephMog",
        "Email": "jefferyajohnson92@hotmail.com",
        "Country": "Fiji",
        "Message": "https://kotya-shop.ru/",
        "Date of Submission": "2024-02-01 17:22:20"
    },
    "extra_information": {
        "Submitted On": {
            "links": [
                {
                    "text": "View Page",
                    "href": "https://www.hktlora.com/?elementor_library=float-forms"
                },
                {
                    "text": "Edit Page",
                    "href": "https://www.hktlora.com/wp-admin/post.php?action=edit&post=2390"
                }
            ],
            "full_text": "Quote (View Page | Edit Page)"
        },
        "Submitted By": "Not a registered user"
    },
    "dingding": {
        "id": "0gKx4RTsN1",
        "编号": "4538"
    }
}