{
    "form_submission": {
        "First Name": "Arun",
        "Last Name": "Raju",
        "Email Address": "arun@hertzwave.in",
        "WhatsApp/Phone NO.": "918374653145",
        "Country": "India",
        "Postcode": "560076",
        "Message": "Hertzwave Innovations is a system integration company, integrating sensors, automation, SAAS and data to enable buildings owners to enhance commercial space value by minimising carbon footprint, maintenance costs, while improving safety, optimising space utilisation, and enhancing occupant comfort, while allowing real-time control and analytics from remote spots. We are looking to expand our vendor base to offering LORAWAN sensors to customers, but developing our own tech/software stack. Request if you can send the pricing and let me know if hkt manufacturers India specific sensors.",
        "Date of Submission": "2023-11-07 15:48:51"
    },
    "extra_information": {
        "Submitted On": {
            "links": [
                {
                    "text": "View Page",
                    "href": "https://www.hktlora.com/distributor/"
                },
                {
                    "text": "Edit Page",
                    "href": "https://www.hktlora.com/wp-admin/post.php?action=edit&post=389"
                }
            ],
            "full_text": "Distributor (View Page | Edit Page)"
        },
        "Submitted By": "Not a registered user"
    },
    "dingding": {
        "id": "cviLoCHWaW",
        "编号": "4240"
    }
}