{
    "form_submission": {
        "First Name": "jacky poon",
        "Last Name": "poon",
        "Email Address": "jacky.poon@pixel-networks.com",
        "WhatsApp/Phone NO.": "96422975",
        "Country": "香港",
        "Postcode": "N/A",
        "Message": "We are interested in your Lorawan watch for worker monitoring.",
        "Date of Submission": "2023-10-20 14:40:23"
    },
    "extra_information": {
        "Submitted On": {
            "links": [
                {
                    "text": "View Page",
                    "href": "https://www.hktlora.com/contact/"
                },
                {
                    "text": "Edit Page",
                    "href": "https://www.hktlora.com/wp-admin/post.php?action=edit&post=57"
                }
            ],
            "full_text": "Contact (View Page | Edit Page)"
        },
        "Submitted By": "Not a registered user"
    },
    "dingding": {
        "id": "vrhCpsrJV1",
        "编号": "4137"
    }
}