{
    "form_submission": {
        "Name": "Louvigny",
        "Email": "henri@louvigny.be",
        "Country": "Belgium",
        "Message": "Hi, Where is it possible to buy this in Europe ?",
        "Date of Submission": "2023-11-17 17:36:09"
    },
    "extra_information": {
        "Submitted On": {
            "links": [
                {
                    "text": "View Page",
                    "href": "https://www.hktlora.com/?elementor_library=float-forms"
                },
                {
                    "text": "Edit Page",
                    "href": "https://www.hktlora.com/wp-admin/post.php?action=edit&post=2390"
                }
            ],
            "full_text": "Quote (View Page | Edit Page)"
        },
        "Submitted By": "Not a registered user"
    },
    "dingding": {
        "id": "fKj7et1vtq",
        "编号": "4267"
    }
}