{
    "form_submission": {
        "Name": "satheesh reddy",
        "Email": "reddysatheesh0987@gmail.com",
        "Country": "India",
        "Message": "Need more information",
        "Date of Submission": "2023-10-11 21:40:18"
    },
    "extra_information": {
        "Submitted On": {
            "links": [
                {
                    "text": "View Page",
                    "href": "https://www.hktlora.com/?elementor_library=float-forms"
                },
                {
                    "text": "Edit Page",
                    "href": "https://www.hktlora.com/wp-admin/post.php?action=edit&post=2390"
                }
            ],
            "full_text": "Quote (View Page | Edit Page)"
        },
        "Submitted By": "Not a registered user"
    },
    "dingding": {
        "id": "Hs3nWx7Jyv",
        "编号": "4110"
    }
}