{
    "form_submission": {
        "Name": "Tamir",
        "Email": "tstmrtamir@gmail.com",
        "Country": "Mongolia",
        "Message": "Hi, what is price for LoRaWAN GPS Cattle Tracker. Do you provide the Lora Gateway?",
        "Date of Submission": "2023-12-29 14:22:20"
    },
    "extra_information": {
        "Submitted On": {
            "links": [
                {
                    "text": "View Page",
                    "href": "https://www.hktlora.com/?elementor_library=float-forms"
                },
                {
                    "text": "Edit Page",
                    "href": "https://www.hktlora.com/wp-admin/post.php?action=edit&post=2390"
                }
            ],
            "full_text": "Quote (View Page | Edit Page)"
        },
        "Submitted By": "Not a registered user"
    },
    "dingding": {
        "id": "bh2VIGi9jJ",
        "编号": "4443"
    }
}