{
    "form_submission": {
        "Name": "Matthew Demicoli",
        "Email": "matthew.demicoli@gmail.com",
        "WhatsApp": "+35699637263",
        "Country": "Malta",
        "Message": "Need a quote for 60cm width and 2.6m height Natural Oak, black acoustic panel.",
        "Date of Submission": "2023-05-07 17:28:55"
    },
    "extra_information": {
        "Submitted On": {
            "links": [
                {
                    "text": "View Page",
                    "href": "https://www.hktlora.com/?elementor_library=elementor-single-product-248"
                },
                {
                    "text": "Edit Page",
                    "href": "https://www.hktlora.com/wp-admin/post.php?action=edit&post=248"
                }
            ],
            "full_text": "Elementor Single Product #248 (View Page | Edit Page)"
        },
        "Submitted By": "Not a registered user"
    },
    "dingding": {
        "id": "4Ih8rQwGt9",
        "编号": "2032"
    }
}