{
    "form_submission": {
        "Name": "Warwick du Plessis",
        "Email": "warwickduplessis@gmail.com",
        "Country": "South Africa",
        "Message": "Hi I am working on a project that includes 60 apartments. I am looking to use a LoRawan netwwork as WIFI is not reliable. Our main goal is the replace the main breakers (60 of them) with 60A smart meter metered breakers. For these 60 apartments we would like to add 25 amp (60 of them) smart breakers to the geysers of the apartments. Thank you for your time. Could I please get appropriate pricing or a consultant to discuss the needs in more detail?",
        "Date of Submission": "2023-12-06 20:41:59"
    },
    "extra_information": {
        "Submitted On": {
            "links": [
                {
                    "text": "View Page",
                    "href": "https://www.hktlora.com/?elementor_library=float-forms"
                },
                {
                    "text": "Edit Page",
                    "href": "https://www.hktlora.com/wp-admin/post.php?action=edit&post=2390"
                }
            ],
            "full_text": "Quote (View Page | Edit Page)"
        },
        "Submitted By": "Not a registered user"
    },
    "dingding": {
        "id": "shwjuDr9t6",
        "编号": "4370"
    }
}