{
    "form_submission": {
        "Name": "inonryHone",
        "Comapny": "871hb6xn@hotmail.com",
        "Email Address": "871hb6xn@hotmail.com",
        "Country": "Madagascar",
        "Message": "Hi, this is Jenny. I am sending you my intimate photos as I promised. https://tinyurl.com/ypssy3cg",
        "Date of Submission": "2024-02-02 06:13:38"
    },
    "extra_information": {
        "Submitted On": {
            "links": [
                {
                    "text": "View Page",
                    "href": "https://www.hktlora.com/"
                },
                {
                    "text": "Edit Page",
                    "href": "https://www.hktlora.com/wp-admin/post.php?action=edit&post=46"
                }
            ],
            "full_text": "Home (View Page | Edit Page)"
        },
        "Submitted By": "Not a registered user"
    },
    "dingding": {
        "id": "3zSGYET3UX",
        "编号": "4539"
    }
}