{
    "form_submission": {
        "Name": "Said BENLYAZID",
        "Email": "said.benlyazid@gmail.com",
        "Country": "Maroc",
        "Message": "Get Catalog",
        "Date of Submission": "2023-12-17 13:52:09"
    },
    "extra_information": {
        "Submitted On": {
            "links": [
                {
                    "text": "View Page",
                    "href": "https://www.hktlora.com/?elementor_library=float-forms"
                },
                {
                    "text": "Edit Page",
                    "href": "https://www.hktlora.com/wp-admin/post.php?action=edit&post=2390"
                }
            ],
            "full_text": "Quote (View Page | Edit Page)"
        },
        "Submitted By": "Not a registered user"
    },
    "dingding": {
        "id": "28McMLok09",
        "编号": "4390"
    }
}