{
    "form_submission": {
        "Name": "Ejaaz Damree",
        "Email": "edamree.awlgroup@intnet.mu",
        "WhatsApp": "+23052549637",
        "Country": "Mauritius",
        "Message": "Dear Sir, We, DecoLux Ltd an established company in Mauritius dealing in wall deco panels would like to import from you acupanels. Kindly send us an email so as we can discuss further. Thanks. Yours truly, E.Damree",
        "Date of Submission": "2023-05-03 10:35:43"
    },
    "extra_information": {
        "Submitted On": {
            "links": [
                {
                    "text": "View Page",
                    "href": "https://www.hktlora.com/?elementor_library=elementor-single-product-248"
                },
                {
                    "text": "Edit Page",
                    "href": "https://www.hktlora.com/wp-admin/post.php?action=edit&post=248"
                }
            ],
            "full_text": "Elementor Single Product #248 (View Page | Edit Page)"
        },
        "Submitted By": "Not a registered user"
    },
    "dingding": {
        "id": "I99ezrqVCc",
        "编号": "1913"
    }
}