{
    "form_submission": {
        "Name": "christo",
        "Email": "christo@wi360.net",
        "Country": "Botswana",
        "Message": "Good day I am looking for pricing for HKT-GAT-100 LoRaWAN Collar GPS Tracker Tracks location data (latitudes and longitudes) of cattle and sends it to a blockchain network via LoRaWAN gateway. 14",
        "Date of Submission": "2024-02-12 14:51:46"
    },
    "extra_information": {
        "Submitted On": {
            "links": [
                {
                    "text": "View Page",
                    "href": "https://www.hktlora.com/?elementor_library=float-forms"
                },
                {
                    "text": "Edit Page",
                    "href": "https://www.hktlora.com/wp-admin/post.php?action=edit&post=2390"
                }
            ],
            "full_text": "Quote (View Page | Edit Page)"
        },
        "Submitted By": "Not a registered user"
    },
    "dingding": {
        "id": "GvlcCwThgK",
        "编号": "4566"
    }
}