{
    "form_submission": {
        "Name": "XRumerTest",
        "Comapny": "yourmail@gmail.com",
        "Email Address": "yourmail@gmail.com",
        "Country": "",
        "Message": "Hello. And Bye.",
        "Date of Submission": "2024-01-09 23:01:07"
    },
    "extra_information": {
        "Submitted On": {
            "links": [
                {
                    "text": "View Page",
                    "href": "https://www.hktlora.com/"
                },
                {
                    "text": "Edit Page",
                    "href": "https://www.hktlora.com/wp-admin/post.php?action=edit&post=46"
                }
            ],
            "full_text": "Home (View Page | Edit Page)"
        },
        "Submitted By": "Not a registered user"
    },
    "dingding": {
        "id": "wWE1Mcdaep",
        "编号": "4456"
    }
}