{
    "form_submission": {
        "First Name": "Evgenii",
        "Last Name": "Burdiuzha",
        "Email Address": "evgenii.burdiuzha@gmail.com",
        "WhatsApp/Phone NO.": "89226354540",
        "Country": "Russia",
        "Postcode": "",
        "Message": "",
        "Date of Submission": "2023-11-28 21:42:22"
    },
    "extra_information": {
        "Submitted On": {
            "links": [
                {
                    "text": "View Page",
                    "href": "https://www.hktlora.com/distributor/"
                },
                {
                    "text": "Edit Page",
                    "href": "https://www.hktlora.com/wp-admin/post.php?action=edit&post=389"
                }
            ],
            "full_text": "Distributor (View Page | Edit Page)"
        },
        "Submitted By": "Not a registered user"
    },
    "dingding": {
        "id": "fQkhK8MeEa",
        "编号": "4327"
    }
}