{
    "form_submission": {
        "First Name": "kesava",
        "Last Name": "raju",
        "Email Address": "kesavaraju.n@gmail.com",
        "WhatsApp/Phone NO.": "9885837421",
        "Country": "91",
        "Postcode": "501359",
        "Message": "Industry",
        "Date of Submission": "2023-12-02 13:50:26"
    },
    "extra_information": {
        "Submitted On": {
            "links": [
                {
                    "text": "View Page",
                    "href": "https://www.hktlora.com/contact/"
                },
                {
                    "text": "Edit Page",
                    "href": "https://www.hktlora.com/wp-admin/post.php?action=edit&post=57"
                }
            ],
            "full_text": "Contact (View Page | Edit Page)"
        },
        "Submitted By": "Not a registered user"
    },
    "dingding": {
        "id": "mpo8g1bbda",
        "编号": "4349"
    }
}