{
    "form_submission": {
        "First Name": "Longxiao",
        "Last Name": "Ma",
        "Email Address": "longxiao.ma@mega-automation.com",
        "WhatsApp/Phone NO.": "+852 67928963",
        "Country": "Hong Kong",
        "Postcode": "",
        "Message": "您好，我这里有一款贵公司的HKT IAQ-1000 AS923产品。但在我试图把它添加进我的Chipstack里时他并不能直接连接到我的网关，我也没有在网上找到关于这款产品的用户手册，如果可以的话请提供给我相关的文件，我会需要后续的技术支持，麻烦了，谢谢。祝中秋快乐。",
        "Date of Submission": "2023-09-27 17:49:21"
    },
    "extra_information": {
        "Submitted On": {
            "links": [
                {
                    "text": "View Page",
                    "href": "https://www.hktlora.com/contact/"
                },
                {
                    "text": "Edit Page",
                    "href": "https://www.hktlora.com/wp-admin/post.php?action=edit&post=57"
                }
            ],
            "full_text": "Contact (View Page | Edit Page)"
        },
        "Submitted By": "Not a registered user"
    },
    "dingding": {
        "id": "dZdLbyMyge",
        "编号": "4039"
    }
}