{
    "form_submission": {
        "Name": "Carlos Galvizu",
        "Email": "cgalvizu@polarix.com",
        "Country": "United States",
        "Message": "Please contact me about you products.I am available In skype : cgalvizu",
        "Date of Submission": "2023-10-19 22:58:48"
    },
    "extra_information": {
        "Submitted On": {
            "links": [
                {
                    "text": "View Page",
                    "href": "https://www.hktlora.com/?elementor_library=float-forms"
                },
                {
                    "text": "Edit Page",
                    "href": "https://www.hktlora.com/wp-admin/post.php?action=edit&post=2390"
                }
            ],
            "full_text": "Quote (View Page | Edit Page)"
        },
        "Submitted By": "Not a registered user"
    },
    "dingding": {
        "id": "OWlnnM0FL9",
        "编号": "4133"
    }
}