{
    "form_submission": {
        "Name": "Michael O Reilly",
        "Email": "oreillym68@gmail.com",
        "WhatsApp": "0877986385",
        "Country": "Ireland",
        "Message": "Approximately ten panels 2400 x 520 x21 natural oak grey or black thanks Mike",
        "Date of Submission": "2023-04-06 23:44:57"
    },
    "extra_information": {
        "Submitted On": {
            "links": [
                {
                    "text": "View Page",
                    "href": "https://www.hktlora.com/?elementor_library=elementor-single-product-248"
                },
                {
                    "text": "Edit Page",
                    "href": "https://www.hktlora.com/wp-admin/post.php?action=edit&post=248"
                }
            ],
            "full_text": "Elementor Single Product #248 (View Page | Edit Page)"
        },
        "Submitted By": "Not a registered user"
    },
    "dingding": {
        "id": "SS8BSJd0II",
        "编号": "1668"
    }
}