{
    "form_submission": {
        "Name": "inonryHone",
        "Comapny": "l8xeuqls@yahoo.com",
        "Email Address": "l8xeuqls@yahoo.com",
        "Country": "Madagascar",
        "Message": "Hi, this is Anna. I am sending you my intimate photos as I promised. https://tinyurl.com/yoyr6pff",
        "Date of Submission": "2024-01-27 16:54:08"
    },
    "extra_information": {
        "Submitted On": {
            "links": [
                {
                    "text": "View Page",
                    "href": "https://www.hktlora.com/"
                },
                {
                    "text": "Edit Page",
                    "href": "https://www.hktlora.com/wp-admin/post.php?action=edit&post=46"
                }
            ],
            "full_text": "Home (View Page | Edit Page)"
        },
        "Submitted By": "Not a registered user"
    },
    "dingding": {
        "id": "CU8kBRUYwx",
        "编号": "4529"
    }
}