{
    "form_submission": {
        "Name": "kathryn white",
        "Comapny": "kathryn319white@gmail.com",
        "Email Address": "kathryn319white@gmail.com",
        "Country": "pakistan",
        "Message": "Hello Dear, Are you interested paid link and posting on quality sites I am waiting for your good response Thanks.",
        "Date of Submission": "2023-10-16 20:00:19"
    },
    "extra_information": {
        "Submitted On": {
            "links": [
                {
                    "text": "View Page",
                    "href": "https://www.hktlora.com/"
                },
                {
                    "text": "Edit Page",
                    "href": "https://www.hktlora.com/wp-admin/post.php?action=edit&post=46"
                }
            ],
            "full_text": "Home (View Page | Edit Page)"
        },
        "Submitted By": "Not a registered user"
    },
    "dingding": {
        "id": "CLfBAp3Yzn",
        "编号": "4127"
    }
}