{
    "form_submission": {
        "Name": "Dhiraj Anand",
        "Email": "dhirajanand2009@gmail.com",
        "Country": "India",
        "Message": "I want to know the price of device, to measure particulate matter in specific location for my personal use.",
        "Date of Submission": "2023-12-03 12:24:56"
    },
    "extra_information": {
        "Submitted On": {
            "links": [
                {
                    "text": "View Page",
                    "href": "https://www.hktlora.com/?elementor_library=float-forms"
                },
                {
                    "text": "Edit Page",
                    "href": "https://www.hktlora.com/wp-admin/post.php?action=edit&post=2390"
                }
            ],
            "full_text": "Quote (View Page | Edit Page)"
        },
        "Submitted By": "Not a registered user"
    },
    "dingding": {
        "id": "181zTsQFDq",
        "编号": "4353"
    }
}