{
    "form_submission": {
        "Name": "Prapapan Rangkra",
        "Email": "klongsym1987@gmail.com",
        "Country": "Aa123456",
        "Message": "",
        "Date of Submission": "2023-12-13 02:12:10"
    },
    "extra_information": {
        "Submitted On": {
            "links": [
                {
                    "text": "View Page",
                    "href": "https://www.hktlora.com/?elementor_library=float-forms"
                },
                {
                    "text": "Edit Page",
                    "href": "https://www.hktlora.com/wp-admin/post.php?action=edit&post=2390"
                }
            ],
            "full_text": "Quote (View Page | Edit Page)"
        },
        "Submitted By": "Not a registered user"
    },
    "dingding": {
        "id": "c0Fu6QDfMe",
        "编号": "4383"
    }
}