{
    "form_submission": {
        "First Name": "Antonio",
        "Last Name": "Henrique",
        "Email Address": "antonio@elitronic.com.br",
        "WhatsApp/Phone NO.": "+5594984360619",
        "Country": "Brasil",
        "Postcode": "68501440",
        "Message": "LoRaWAN Cattle Bolus Tracking Device. I want to know if there is already a commercial partner in Brazil and if so, what do I need to be a distributor of your products with Lorawan? ELITRONIC is an industrial automation technology and services company.",
        "Date of Submission": "2023-12-26 23:11:44"
    },
    "extra_information": {
        "Submitted On": {
            "links": [
                {
                    "text": "View Page",
                    "href": "https://www.hktlora.com/distributor/"
                },
                {
                    "text": "Edit Page",
                    "href": "https://www.hktlora.com/wp-admin/post.php?action=edit&post=389"
                }
            ],
            "full_text": "Distributor (View Page | Edit Page)"
        },
        "Submitted By": "Not a registered user"
    },
    "dingding": {
        "id": "aFyBeSHySO",
        "编号": "4439"
    }
}