{
    "form_submission": {
        "Name": "Tania Laverde",
        "Email": "tanialaverde@icloud.com",
        "WhatsApp": "07700733173",
        "Country": "Jersey , Channel Islands",
        "Message": "Hi, I would like to se two different samples, Walnut for my bedroom main wall and natural oak for my living. We are based in Jersey, not sure if you deliver to this post code? Thanks",
        "Date of Submission": "2023-04-14 15:51:53"
    },
    "extra_information": {
        "Submitted On": {
            "links": [
                {
                    "text": "View Page",
                    "href": "https://www.hktlora.com/?elementor_library=elementor-single-product-248"
                },
                {
                    "text": "Edit Page",
                    "href": "https://www.hktlora.com/wp-admin/post.php?action=edit&post=248"
                }
            ],
            "full_text": "Elementor Single Product #248 (View Page | Edit Page)"
        },
        "Submitted By": "Not a registered user"
    },
    "dingding": {
        "id": "RLSORV5V5W",
        "编号": "1673"
    }
}