{
    "form_submission": {
        "First Name": "Mohammad Arif",
        "Last Name": "Fakhry",
        "Email Address": "arif.fakhry@ciptanusaadiguna.com",
        "WhatsApp/Phone NO.": "085213102988",
        "Country": "Indonesia",
        "Postcode": "15144",
        "Message": "Parking Sensor-Embedded and Parking Sensor-Surface micro-power geomagnetic induction and 24G microwave dual detection technology. LoRaWAN for 873 Units.",
        "Date of Submission": "2024-01-10 17:39:51"
    },
    "extra_information": {
        "Submitted On": {
            "links": [
                {
                    "text": "View Page",
                    "href": "https://www.hktlora.com/distributor/"
                },
                {
                    "text": "Edit Page",
                    "href": "https://www.hktlora.com/wp-admin/post.php?action=edit&post=389"
                }
            ],
            "full_text": "Distributor (View Page | Edit Page)"
        },
        "Submitted By": "Not a registered user"
    },
    "dingding": {
        "id": "SEfyiCZQoW",
        "编号": "4459"
    }
}