{
    "form_submission": {
        "Name": "Mike Crossman",
        "Comapny": "mikeAdammajem@gmail.com",
        "Email Address": "mikeAdammajem@gmail.com",
        "Country": "United States",
        "Message": "Hi there, I have reviewed your domain in MOZ and have observed that you may benefit from an increase in authority. Our solution guarantees you a high-quality domain authority score within a period of three months. This will increase your organic visibility and strengthen your website authority, thus making it stronger against Google updates. Check out our deals for more details. https://www.monkeydigital.co/domain-authority-plan/ NEW: Ahrefs Domain Rating https://www.monkeydigital.co/ahrefs-seo/ Thanks and regards Mike Crossman",
        "Date of Submission": "2023-10-06 18:57:41"
    },
    "extra_information": {
        "Submitted On": {
            "links": [
                {
                    "text": "View Page",
                    "href": "https://www.hktlora.com/"
                },
                {
                    "text": "Edit Page",
                    "href": "https://www.hktlora.com/wp-admin/post.php?action=edit&post=46"
                }
            ],
            "full_text": "Home (View Page | Edit Page)"
        },
        "Submitted By": "Not a registered user"
    },
    "dingding": {
        "id": "rhY81amma1",
        "编号": "4058"
    }
}