{
    "form_submission": {
        "First Name": "Roxan",
        "Last Name": "Go",
        "Email Address": "infinitesystems@yahoo.com.ph",
        "WhatsApp/Phone NO.": "+639178921485",
        "Country": "Philippines",
        "Postcode": "",
        "Message": "I am looking for wireless Door Sensor(LORA / LORAWAN) for use in our FIRE EXIT Door Monitoring project of a 50 floor office building. The door sensor only needs to transmit door status whenever the fire exit door is opened.",
        "Date of Submission": "2023-12-08 10:41:13"
    },
    "extra_information": {
        "Submitted On": {
            "links": [
                {
                    "text": "View Page",
                    "href": "https://www.hktlora.com/contact/"
                },
                {
                    "text": "Edit Page",
                    "href": "https://www.hktlora.com/wp-admin/post.php?action=edit&post=57"
                }
            ],
            "full_text": "Contact (View Page | Edit Page)"
        },
        "Submitted By": "Not a registered user"
    },
    "dingding": {
        "id": "9bmn13Y6mg",
        "编号": "4372"
    }
}