{
    "form_submission": {
        "First Name": "Christina",
        "Last Name": "Shackleton",
        "Email Address": "christinaseo76@gmail.com",
        "WhatsApp/Phone NO.": "022 404 69 61",
        "Country": "Switzerland",
        "Postcode": "",
        "Message": "Hi there, We're writing to ask if you accept Guest Posts on hktlora.com? If you do, would you be interested in adding your site to our list, which has an outreach of over 50 million potential customers each month? As we're doing the promotion, all you have to do is strike a deal! More information: https://furtherinfo.org/gpfeatured If you'd like to discuss this further, just get back in touch with any questions. Kind Regards, Christina Not interested? Unsubscribe here: https://removeme.click/unsubscribe.php?d=hktlora.com",
        "Date of Submission": "2023-11-25 10:49:50"
    },
    "extra_information": {
        "Submitted On": {
            "links": [
                {
                    "text": "View Page",
                    "href": "https://www.hktlora.com/contact/"
                },
                {
                    "text": "Edit Page",
                    "href": "https://www.hktlora.com/wp-admin/post.php?action=edit&post=57"
                }
            ],
            "full_text": "Contact (View Page | Edit Page)"
        },
        "Submitted By": "Not a registered user"
    },
    "dingding": {
        "id": "W5A4z8rNcy",
        "编号": "4323"
    }
}