{
    "form_submission": {
        "First Name": "Nishant",
        "Last Name": "Sharma",
        "Email Address": "nishant.developer22@gmail.com",
        "WhatsApp/Phone NO.": "1201201200",
        "Country": "Switzerland",
        "Postcode": "",
        "Message": "Hi hktlora.com, I was just browsing your website and I came up with a great plan to re-develop your website using the latest technology to generate additional revenue and beat your opponents. I'm an excellent web developer capable of almost anything you can come up with, and my costs are affordable for nearly everyone. Please provide me with your email, and contact number to know more about your requirements. Yours Sincerely Nishant",
        "Date of Submission": "2023-07-04 02:45:04"
    },
    "extra_information": {
        "Submitted On": {
            "links": [
                {
                    "text": "View Page",
                    "href": "https://www.hktlora.com/contact/"
                },
                {
                    "text": "Edit Page",
                    "href": "https://www.hktlora.com/wp-admin/post.php?action=edit&post=57"
                }
            ],
            "full_text": "Contact (View Page | Edit Page)"
        },
        "Submitted By": "Not a registered user"
    },
    "dingding": {
        "id": "QClxwpRhY3",
        "编号": "3421"
    }
}