{
    "form_submission": {
        "First Name": "Sameer",
        "Last Name": "sameerkumar2745@gmail.com",
        "Email Address": "sameerkumar2745@gmail.com",
        "WhatsApp/Phone NO.": "+919927454397",
        "Country": "India",
        "Postcode": "206122",
        "Message": "",
        "Date of Submission": "2023-08-24 23:15:21"
    },
    "extra_information": {
        "Submitted On": {
            "links": [
                {
                    "text": "View Page",
                    "href": "https://www.hktlora.com/contact/"
                },
                {
                    "text": "Edit Page",
                    "href": "https://www.hktlora.com/wp-admin/post.php?action=edit&post=57"
                }
            ],
            "full_text": "Contact (View Page | Edit Page)"
        },
        "Submitted By": "Not a registered user"
    },
    "dingding": {
        "id": "ntbcoNqBwU",
        "编号": "3949"
    }
}