{
    "form_submission": {
        "Name": "Ville Nieminen",
        "Email": "ville.nieminen@koka.fi",
        "Country": "Finland",
        "Message": "Hi! Interested about your LoRaWAN Smoke detectors. Could you offer me first some test units?",
        "Date of Submission": "2023-12-01 00:15:46"
    },
    "extra_information": {
        "Submitted On": {
            "links": [
                {
                    "text": "View Page",
                    "href": "https://www.hktlora.com/?elementor_library=float-forms"
                },
                {
                    "text": "Edit Page",
                    "href": "https://www.hktlora.com/wp-admin/post.php?action=edit&post=2390"
                }
            ],
            "full_text": "Quote (View Page | Edit Page)"
        },
        "Submitted By": "Not a registered user"
    },
    "dingding": {
        "id": "Skq1uk2A1q",
        "编号": "4339"
    }
}