{
    "form_submission": {
        "Name": "rodrigo",
        "Comapny": "Safe Life",
        "Email Address": "rodrigopizzolo@gmail.com",
        "Country": "Brasil",
        "Message": "Boa tarde, Eu tenho uma ideia de produto com IOT com rede Lora, gostaria de saber se voces desenvolvem projeto e produtos customizado. att Rodrigo Pizzolo Avila",
        "Date of Submission": "2023-10-19 20:14:43"
    },
    "extra_information": {
        "Submitted On": {
            "links": [
                {
                    "text": "View Page",
                    "href": "https://www.hktlora.com/"
                },
                {
                    "text": "Edit Page",
                    "href": "https://www.hktlora.com/wp-admin/post.php?action=edit&post=46"
                }
            ],
            "full_text": "Home (View Page | Edit Page)"
        },
        "Submitted By": "Not a registered user"
    },
    "dingding": {
        "id": "PHualKauBO",
        "编号": "4132"
    }
}