{
    "form_submission": {
        "First Name": "Mahmoud",
        "Last Name": "Keshta",
        "Email Address": "m.keshta@5sensesss.com",
        "WhatsApp/Phone NO.": "+966 562460079",
        "Country": "Saudi Arabia",
        "Postcode": "12242",
        "Message": "Global 5G/4G cellular connectivity Multi-network support with Ethernet, Wi-Fi, and cellular internet, including RG45 with auto-failover. Complimentary access to a cloud management platform Operating voltage range from 12 to 36 VDC. Temperature operation from normal (-20 to +55°C) to extended ranges (-25 to +70°C) Robust firewall features including DMZ, anti-DDoS, and comprehensive filtering options. High data throughput, supporting up to 867Mbps on 5G and 300Mbps on 2.4G Effective coverage range between 100 to 300 meters Initial requirement for 33 Gateways and 191 Sensors",
        "Date of Submission": "2023-11-12 03:33:32"
    },
    "extra_information": {
        "Submitted On": {
            "links": [
                {
                    "text": "View Page",
                    "href": "https://www.hktlora.com/distributor/"
                },
                {
                    "text": "Edit Page",
                    "href": "https://www.hktlora.com/wp-admin/post.php?action=edit&post=389"
                }
            ],
            "full_text": "Distributor (View Page | Edit Page)"
        },
        "Submitted By": "Not a registered user"
    },
    "dingding": {
        "id": "hkFo9Mhg39",
        "编号": "4251"
    }
}