{
    "form_submission": {
        "First Name": "Omer",
        "Last Name": "Ari",
        "Email Address": "omer.ari@tofa.uk",
        "WhatsApp/Phone NO.": "07517481784",
        "Country": "United Kingdom",
        "Postcode": "",
        "Message": "How much lorawan gps tracker? Thank you.",
        "Date of Submission": "2023-11-04 06:55:18"
    },
    "extra_information": {
        "Submitted On": {
            "links": [
                {
                    "text": "View Page",
                    "href": "https://www.hktlora.com/contact/"
                },
                {
                    "text": "Edit Page",
                    "href": "https://www.hktlora.com/wp-admin/post.php?action=edit&post=57"
                }
            ],
            "full_text": "Contact (View Page | Edit Page)"
        },
        "Submitted By": "Not a registered user"
    },
    "dingding": {
        "id": "nCICDzeaqr",
        "编号": "4230"
    }
}