{
    "form_submission": {
        "Name": "Ken",
        "Email": "kenvehanshininc@gmail.com",
        "Country": "USA",
        "Message": "We looking for powerline network adapter",
        "Date of Submission": "2023-09-07 08:44:02"
    },
    "extra_information": {
        "Submitted On": {
            "links": [
                {
                    "text": "View Page",
                    "href": "https://www.hktlora.com/?elementor_library=float-forms"
                },
                {
                    "text": "Edit Page",
                    "href": "https://www.hktlora.com/wp-admin/post.php?action=edit&post=2390"
                }
            ],
            "full_text": "Quote (View Page | Edit Page)"
        },
        "Submitted By": "Not a registered user"
    },
    "dingding": {
        "id": "DmSUwtReaV",
        "编号": "3991"
    }
}