{
    "form_submission": {
        "Name": "Albinas",
        "Email": "info@acoris.lt",
        "Country": "Lithuania",
        "Message": "Hi, we are implementing selfservice systems for hotels and amusement parks , looking for LORAWAN locks and related devices. What price is for Smart door lock, gateways, water and electricity meters ?",
        "Date of Submission": "2024-02-13 02:25:41"
    },
    "extra_information": {
        "Submitted On": {
            "links": [
                {
                    "text": "View Page",
                    "href": "https://www.hktlora.com/?elementor_library=float-forms"
                },
                {
                    "text": "Edit Page",
                    "href": "https://www.hktlora.com/wp-admin/post.php?action=edit&post=2390"
                }
            ],
            "full_text": "Quote (View Page | Edit Page)"
        },
        "Submitted By": "Not a registered user"
    },
    "dingding": {
        "id": "NqXCQppBFF",
        "编号": "4568"
    }
}