{
    "form_submission": {
        "First Name": "Said",
        "Last Name": "BENLYAZID",
        "Email Address": "stemos.sarl@gmail.com",
        "WhatsApp/Phone NO.": "+212661806403",
        "Country": "Maroc",
        "Postcode": "86150",
        "Message": "I am interested in partnering with you Please send product catalog and price Thanks .",
        "Date of Submission": "2023-12-17 14:01:08"
    },
    "extra_information": {
        "Submitted On": {
            "links": [
                {
                    "text": "View Page",
                    "href": "https://www.hktlora.com/distributor/"
                },
                {
                    "text": "Edit Page",
                    "href": "https://www.hktlora.com/wp-admin/post.php?action=edit&post=389"
                }
            ],
            "full_text": "Distributor (View Page | Edit Page)"
        },
        "Submitted By": "Not a registered user"
    },
    "dingding": {
        "id": "w6fz1AFOV5",
        "编号": "4391"
    }
}