{
    "form_submission": {
        "Name": "MisAnada",
        "Comapny": "emusyGet@duckctr.com",
        "Email Address": "emusyGet@duckctr.com",
        "Country": "United States",
        "Message": "Hello. I hope this message finds you well. I am reaching out to introduce you to a ground-breaking service that is set to redefine the SEO landscape: duckctr.com. Many platforms claim to enhance website rankings, but their results often fall short or only offer superficial metrics that don't translate to genuine growth. Here's what sets us apart: 1. Instantaneous Impact: Users witness immediate improvements in website rankings. No more waiting for months to see tangible progress. 2. Permanent Domain Authority Boost: With our unique methodology, your domain's authority will see a consistent upsurge. 3. Strategic Suggestions: Our platform doesn't just enhance positioning; it offers actionable insights and suggestions for sustained growth. 4. Additional Link Creation: Generate high-quality backlinks organically. 5. Knowledge Panels: Enhance your online visibility with the spawning of knowledge panels. But what truly differentiates duckctr.com? We're the only service of our kind available publicly worldwide. If you're serious about elevating your SEO strategy for 2023 and beyond, this is a unique opportunity that shouldn't be missed. A Few Things to Note: - This isn't just another tool for generating numbers on Google Search Console or Google Analytics. Our service guarantees real results within days of launching a campaign. - For critical clients, even a single campaign can significantly boost the domain authority for a modest investment. For highly competitive keywords, our regular campaigns can be a game-changer. Imagine the value proposition you could present to your clients by being one of the few to harness the power of duckctr.com. Seats are filling up rapidly. If you're keen on collaborating with us and accessing the most advanced SEO techniques of 2023, I urge you to register today. Let's redefine SEO success together. Enter duckctr.com community.",
        "Date of Submission": "2023-12-03 05:54:56"
    },
    "extra_information": {
        "Submitted On": {
            "links": [
                {
                    "text": "View Page",
                    "href": "https://www.hktlora.com/"
                },
                {
                    "text": "Edit Page",
                    "href": "https://www.hktlora.com/wp-admin/post.php?action=edit&post=46"
                }
            ],
            "full_text": "Home (View Page | Edit Page)"
        },
        "Submitted By": "Not a registered user"
    },
    "dingding": {
        "id": "cu0hWwIA7V",
        "编号": "4352"
    }
}