{
    "form_submission": {
        "Name": "Robertcep",
        "Comapny": "zelatcol@gmail.com",
        "Email Address": "zelatcol@gmail.com",
        "Country": "Poland",
        "Message": "Hola, quería saber tu precio..",
        "Date of Submission": "2023-09-29 10:11:50"
    },
    "extra_information": {
        "Submitted On": {
            "links": [
                {
                    "text": "View Page",
                    "href": "https://www.hktlora.com/"
                },
                {
                    "text": "Edit Page",
                    "href": "https://www.hktlora.com/wp-admin/post.php?action=edit&post=46"
                }
            ],
            "full_text": "Home (View Page | Edit Page)"
        },
        "Submitted By": "Not a registered user"
    },
    "dingding": {
        "id": "02FtIbofBv",
        "编号": "4044"
    }
}