{
    "form_submission": {
        "Name": "Philcep",
        "Comapny": "draikkimr976@gmail.com",
        "Email Address": "draikkimr976@gmail.com",
        "Country": "Poland",
        "Message": "Szia, meg akartam tudni az árát.",
        "Date of Submission": "2023-09-13 00:27:08"
    },
    "extra_information": {
        "Submitted On": {
            "links": [
                {
                    "text": "View Page",
                    "href": "https://www.hktlora.com/"
                },
                {
                    "text": "Edit Page",
                    "href": "https://www.hktlora.com/wp-admin/post.php?action=edit&post=46"
                }
            ],
            "full_text": "Home (View Page | Edit Page)"
        },
        "Submitted By": "Not a registered user"
    },
    "dingding": {
        "id": "H09qsGybVN",
        "编号": "4001"
    }
}