{
    "form_submission": {
        "Name": "Alejandro",
        "Email": "alejandro.juan@grupotsk.com",
        "Country": "Spain",
        "Message": "I'm interested in the LoRaWAN GPS cattle Tracker. I'd like to receive more info and details about this product and also a quote for 1 unit in order to test it first at field. If happy with it, I'm interested to acquire about 300 units. Thanks",
        "Date of Submission": "2023-10-05 17:30:50"
    },
    "extra_information": {
        "Submitted On": {
            "links": [
                {
                    "text": "View Page",
                    "href": "https://www.hktlora.com/?elementor_library=float-forms"
                },
                {
                    "text": "Edit Page",
                    "href": "https://www.hktlora.com/wp-admin/post.php?action=edit&post=2390"
                }
            ],
            "full_text": "Quote (View Page | Edit Page)"
        },
        "Submitted By": "Not a registered user"
    },
    "dingding": {
        "id": "7ikCk4Wt09",
        "编号": "4056"
    }
}