{
    "form_submission": {
        "Name": "Van Gurt",
        "Comapny": "vangurt@thereisergroup.org",
        "Email Address": "vangurt@thereisergroup.org",
        "Country": "Zambia",
        "Message": "Hello, We hope this letter finds you in good shape. Are you available for an important conversation regarding your business investment and partnership? Send us an email to van.gurt111@gmail.com for more details. Regards, Mr. Van Gurt van.gurt111@gmail.com",
        "Date of Submission": "2023-07-26 08:13:53"
    },
    "extra_information": {
        "Submitted On": {
            "links": [
                {
                    "text": "View Page",
                    "href": "https://www.hktlora.com/"
                },
                {
                    "text": "Edit Page",
                    "href": "https://www.hktlora.com/wp-admin/post.php?action=edit&post=46"
                }
            ],
            "full_text": "Home (View Page | Edit Page)"
        },
        "Submitted By": "Not a registered user"
    },
    "dingding": {
        "id": "bOSJoun87B",
        "编号": "3822"
    }
}