{
    "form_submission": {
        "Name": "John Curry",
        "Email": "curry.john@gmail.com",
        "Country": "Ireland",
        "Message": "Hi Erin, responding to your email here as when I try to email you directly, your server bounces it back. Msg below: Hi Erin, I'm interested in the 9 in 1. I'd like to get one or two initally to work on some potential solutions as my company moves into the AIoT space. It is still early days but I would be aiming to expand to 100s as I move to the go-to-market phase in Ireland. Best, John.",
        "Date of Submission": "2024-01-19 16:24:33"
    },
    "extra_information": {
        "Submitted On": {
            "links": [
                {
                    "text": "View Page",
                    "href": "https://www.hktlora.com/?elementor_library=float-forms"
                },
                {
                    "text": "Edit Page",
                    "href": "https://www.hktlora.com/wp-admin/post.php?action=edit&post=2390"
                }
            ],
            "full_text": "Quote (View Page | Edit Page)"
        },
        "Submitted By": "Not a registered user"
    },
    "dingding": {
        "id": "1nHT67OuhL",
        "编号": "4505"
    }
}