{
    "form_submission": {
        "First Name": "Amanda",
        "Last Name": "White",
        "Email Address": "amanda@onlinearticles.org",
        "WhatsApp/Phone NO.": "7247611803",
        "Country": "United States",
        "Postcode": "16101",
        "Message": "Hi, For a limited time, we are providing complimentary guest posts. You have the opportunity to try our service for free with one guest post. To get started, sign up for free here https://bit.ly/free-guest-blog-posting You can also forward this to your marketing agency Best Regards, Amanda white https://onlinearticles.org/ Whatsapp Support: +1 724 761 1803 Reply with NO for removal",
        "Date of Submission": "2023-10-31 13:59:46"
    },
    "extra_information": {
        "Submitted On": {
            "links": [
                {
                    "text": "View Page",
                    "href": "https://www.hktlora.com/contact/"
                },
                {
                    "text": "Edit Page",
                    "href": "https://www.hktlora.com/wp-admin/post.php?action=edit&post=57"
                }
            ],
            "full_text": "Contact (View Page | Edit Page)"
        },
        "Submitted By": "Not a registered user"
    },
    "dingding": {
        "id": "EUAdlq31Q4",
        "编号": "4219"
    }
}