{
    "form_submission": {
        "Name": "Saptarshi Sharma M",
        "Email": "saptarshisharma4@gmail.com",
        "WhatsApp": "9550360663",
        "Country": "India",
        "Message": "We are looking for IoT Solutions that cater to the needs of Smart Villages/Cities, as well as products pertinent to Water, Irrigation, Agriculture, Weather, Husbandry, etc. Our organization (Rite Water Solutions) is looking forward to collaborating with companies that can provide for the same.",
        "Date of Submission": "2023-09-30 14:44:05"
    },
    "extra_information": {
        "Submitted On": {
            "links": [
                {
                    "text": "View Page",
                    "href": "https://www.hktlora.com/services/"
                },
                {
                    "text": "Edit Page",
                    "href": "https://www.hktlora.com/wp-admin/post.php?action=edit&post=48"
                }
            ],
            "full_text": "Services (View Page | Edit Page)"
        },
        "Submitted By": "Not a registered user"
    },
    "dingding": {
        "id": "ntyyk234t0",
        "编号": "4046"
    }
}