{
    "form_submission": {
        "First Name": "Saunda M",
        "Last Name": "Ganesh Priyantha Renuka",
        "Email Address": "renuka@dar.lk",
        "WhatsApp/Phone NO.": "+94716077744",
        "Country": "Sri Lanka",
        "Postcode": "10118",
        "Message": "More details of smoke sensor",
        "Date of Submission": "2023-12-06 16:46:21"
    },
    "extra_information": {
        "Submitted On": {
            "links": [
                {
                    "text": "View Page",
                    "href": "https://www.hktlora.com/contact/"
                },
                {
                    "text": "Edit Page",
                    "href": "https://www.hktlora.com/wp-admin/post.php?action=edit&post=57"
                }
            ],
            "full_text": "Contact (View Page | Edit Page)"
        },
        "Submitted By": "Not a registered user"
    },
    "dingding": {
        "id": "TIwdEa9f80",
        "编号": "4368"
    }
}