{
    "form_submission": {
        "Name": "Hamza Asif",
        "Email": "smiledgraphgamerz@gmail.com",
        "Country": "Pakistan",
        "Message": "How can I change time on this type of health watch?",
        "Date of Submission": "2024-01-31 10:58:00"
    },
    "extra_information": {
        "Submitted On": {
            "links": [
                {
                    "text": "View Page",
                    "href": "https://www.hktlora.com/?elementor_library=float-forms"
                },
                {
                    "text": "Edit Page",
                    "href": "https://www.hktlora.com/wp-admin/post.php?action=edit&post=2390"
                }
            ],
            "full_text": "Quote (View Page | Edit Page)"
        },
        "Submitted By": "Not a registered user"
    },
    "dingding": {
        "id": "Yg4o1Xt7nL",
        "编号": "4535"
    }
}