{
    "form_submission": {
        "Name": "Miguel Cardoso",
        "Email": "geral@mc2solucoesdigitais.com",
        "Country": "Portugal",
        "Message": "Dear Sir/ Madam Would you please be so kind and provide a quote for LoRaWAN Indoor Air Quality Sensor Model： IAQ-1000 I would like to get prices for: 1 Unit, 10 units, 20 units, 50 units ( or whatever rapel you have in place) thank you for you support Best regards Miguel Cardoso",
        "Date of Submission": "2023-11-06 05:28:01"
    },
    "extra_information": {
        "Submitted On": {
            "links": [
                {
                    "text": "View Page",
                    "href": "https://www.hktlora.com/?elementor_library=float-forms"
                },
                {
                    "text": "Edit Page",
                    "href": "https://www.hktlora.com/wp-admin/post.php?action=edit&post=2390"
                }
            ],
            "full_text": "Quote (View Page | Edit Page)"
        },
        "Submitted By": "Not a registered user"
    },
    "dingding": {
        "id": "1l0MxKFW82",
        "编号": "4232"
    }
}