{
    "form_submission": {
        "Name": "serge Le Masson",
        "Email": "contact@planet-help.fr",
        "Country": "France",
        "Message": "est il livré avec un abonnement et une application ?",
        "Date of Submission": "2023-10-02 18:45:17"
    },
    "extra_information": {
        "Submitted On": {
            "links": [
                {
                    "text": "View Page",
                    "href": "https://www.hktlora.com/?elementor_library=float-forms"
                },
                {
                    "text": "Edit Page",
                    "href": "https://www.hktlora.com/wp-admin/post.php?action=edit&post=2390"
                }
            ],
            "full_text": "Quote (View Page | Edit Page)"
        },
        "Submitted By": "Not a registered user"
    },
    "dingding": {
        "id": "z738XOygKs",
        "编号": "4052"
    }
}