{
    "form_submission": {
        "Name": "VK traders",
        "Email": "vipins0992@gmail.com",
        "Country": "Indian",
        "Message": "I am trader I deal in wholesale I need fingerprint lock please provide me b2b price for trading.",
        "Date of Submission": "2023-08-28 18:19:17"
    },
    "extra_information": {
        "Submitted On": {
            "links": [
                {
                    "text": "View Page",
                    "href": "https://www.hktlora.com/?elementor_library=float-forms"
                },
                {
                    "text": "Edit Page",
                    "href": "https://www.hktlora.com/wp-admin/post.php?action=edit&post=2390"
                }
            ],
            "full_text": "Quote (View Page | Edit Page)"
        },
        "Submitted By": "Not a registered user"
    },
    "dingding": {
        "id": "3a1qER5j6R",
        "编号": "3960"
    }
}