{
    "form_submission": {
        "Name": "serge Le Masson",
        "Email": "contact@planet-help.fr",
        "Country": "France",
        "Message": "pourrais avoir le tarif et comment commander . merci",
        "Date of Submission": "2023-09-28 21:14:13"
    },
    "extra_information": {
        "Submitted On": {
            "links": [
                {
                    "text": "View Page",
                    "href": "https://www.hktlora.com/?elementor_library=float-forms"
                },
                {
                    "text": "Edit Page",
                    "href": "https://www.hktlora.com/wp-admin/post.php?action=edit&post=2390"
                }
            ],
            "full_text": "Quote (View Page | Edit Page)"
        },
        "Submitted By": "Not a registered user"
    },
    "dingding": {
        "id": "38GICTO1lY",
        "编号": "4041"
    }
}