{
    "form_submission": {
        "First Name": "Satyeshwar",
        "Last Name": "Rambhujun",
        "Email Address": "Satyeshwar.rambhujun@sil.mu",
        "WhatsApp/Phone NO.": "+23058097920",
        "Country": "Mauritius",
        "Postcode": "nil",
        "Message": "could you please provide me with the current unit price and details about bulk order discounts? And i need more details about the watch I'm keen on making a purchase decision soon. I really appreciate any help you can provide.",
        "Date of Submission": "2023-09-21 16:46:05"
    },
    "extra_information": {
        "Submitted On": {
            "links": [
                {
                    "text": "View Page",
                    "href": "https://www.hktlora.com/contact/"
                },
                {
                    "text": "Edit Page",
                    "href": "https://www.hktlora.com/wp-admin/post.php?action=edit&post=57"
                }
            ],
            "full_text": "Contact (View Page | Edit Page)"
        },
        "Submitted By": "Not a registered user"
    },
    "dingding": {
        "id": "BA6NT7wQY0",
        "编号": "4025"
    }
}