{
    "form_submission": {
        "Name": "Eddy Orellana Emeztica",
        "Email": "eddy.orellana.emeztica@kraftringen.se",
        "Country": "Sverige",
        "Message": "Hi, i se that you have a people counter that is for use outside. Im curious, what wheter can i whitstand? what IP-klass is it?. In Sweden where i work, it gets very cold och it rains alot two. Also can mention that we work with LoRa. Kind regards, Eddy",
        "Date of Submission": "2024-01-10 18:08:32"
    },
    "extra_information": {
        "Submitted On": {
            "links": [
                {
                    "text": "View Page",
                    "href": "https://www.hktlora.com/?elementor_library=float-forms"
                },
                {
                    "text": "Edit Page",
                    "href": "https://www.hktlora.com/wp-admin/post.php?action=edit&post=2390"
                }
            ],
            "full_text": "Quote (View Page | Edit Page)"
        },
        "Submitted By": "Not a registered user"
    },
    "dingding": {
        "id": "dlLbZXGL57",
        "编号": "4460"
    }
}