{
    "form_submission": {
        "First Name": "Ronald",
        "Last Name": "McMahan",
        "Email Address": "ronald.mcmahan@sgs.com",
        "WhatsApp/Phone NO.": "5128975230",
        "Country": "United States",
        "Postcode": "78731",
        "Message": "",
        "Date of Submission": "2024-02-09 08:06:37"
    },
    "extra_information": {
        "Submitted On": {
            "links": [
                {
                    "text": "View Page",
                    "href": "https://www.hktlora.com/contact/"
                },
                {
                    "text": "Edit Page",
                    "href": "https://www.hktlora.com/wp-admin/post.php?action=edit&post=57"
                }
            ],
            "full_text": "Contact (View Page | Edit Page)"
        },
        "Submitted By": "Not a registered user"
    },
    "dingding": {
        "id": "qVF9ugkjyd",
        "编号": "4557"
    }
}