{
    "form_submission": {
        "First Name": "Procrack",
        "Last Name": "Team",
        "Email Address": "enos.toney1@gmail.com",
        "WhatsApp/Phone NO.": "228-931-3795",
        "Country": "United States",
        "Postcode": "",
        "Message": "Take Your Internet Marketing Business To Next Level With Our Huge Collection Of Training Courses and softwares. NEW COURSES ADDED TODAY * Anthony Rousek – Super Affiliate Sniper * Gabe Legion Schillinger – Producer Funnel Secrets+SCORPIO PFS * Bill Walsh – The Objection Box Family * Freedom Farmers – Start A Microgreens Business From Scratch * Build Grow Scale – User Testing Mastery If you can't find what you are looking for in our collection, you can always send us a request we will try to get it for you within 48hours. Visit Our Site https://procrackteam.com To your success Procrack Team",
        "Date of Submission": "2024-01-15 23:47:00"
    },
    "extra_information": {
        "Submitted On": {
            "links": [
                {
                    "text": "View Page",
                    "href": "https://www.hktlora.com/contact/"
                },
                {
                    "text": "Edit Page",
                    "href": "https://www.hktlora.com/wp-admin/post.php?action=edit&post=57"
                }
            ],
            "full_text": "Contact (View Page | Edit Page)"
        },
        "Submitted By": "Not a registered user"
    },
    "dingding": {
        "id": "Vws5bOWKZj",
        "编号": "4494"
    }
}