{
    "form_submission": {
        "First Name": "Ricardo",
        "Last Name": "Beyers",
        "Email Address": "ricardo.beyers@yahoo.com",
        "WhatsApp/Phone NO.": "01.72.51.65.11",
        "Country": "France",
        "Postcode": "",
        "Message": "This message showed up to you and I can make your message show up to millions of websites the same way. It's awesome and low-cost.Contact me by email or skype below if you want to know more. P. Stewart Email: 32z2jg@gomail2.xyz Skype: live:.cid.2bc4ed65aa40fb3b",
        "Date of Submission": "2024-02-06 14:04:23"
    },
    "extra_information": {
        "Submitted On": {
            "links": [
                {
                    "text": "View Page",
                    "href": "https://www.hktlora.com/contact/"
                },
                {
                    "text": "Edit Page",
                    "href": "https://www.hktlora.com/wp-admin/post.php?action=edit&post=57"
                }
            ],
            "full_text": "Contact (View Page | Edit Page)"
        },
        "Submitted By": "Not a registered user"
    },
    "dingding": {
        "id": "F1zrInWLOy",
        "编号": "4549"
    }
}