{
    "form_submission": {
        "Name": "Sean Laurence",
        "Email": "2slymlaurence@mail.com",
        "WhatsApp": "+447415409961",
        "Country": "United Kingdom",
        "Message": "I’d like a quote for your smoke oak panels.",
        "Date of Submission": "2022-12-22 22:58:49"
    },
    "extra_information": {
        "Submitted On": {
            "links": [
                {
                    "text": "View Page",
                    "href": "https://www.hktlora.com/?elementor_library=elementor-single-product-248"
                },
                {
                    "text": "Edit Page",
                    "href": "https://www.hktlora.com/wp-admin/post.php?action=edit&post=248"
                }
            ],
            "full_text": "Elementor Single Product #248 (View Page | Edit Page)"
        },
        "Submitted By": "Not a registered user"
    },
    "dingding": {
        "id": "75EALZUde7",
        "编号": "1308"
    }
}