{
    "form_submission": {
        "Name": "Helder D. Woderich",
        "Email": "consulting@ynuts.de",
        "Country": "Deutschland",
        "Message": "Dear Ladies and Gentlemen’s , we are looking for a tender in Africa as follows: The STS prepaid water meter system shall consist of the following components: • STS prepaid water meter; • Customer Interface Unit (UIC) for meter refilling. The STS Prepaid Metering System must comply with STS Edition 2 IEC62055 41 Ed3, IEC62055-51 and have STS Association authentication and corresponding certificates must be provided. Mit freundlichen Grüßen Com os melhores cumprimentos With kind regards",
        "Date of Submission": "2023-12-17 20:28:56"
    },
    "extra_information": {
        "Submitted On": {
            "links": [
                {
                    "text": "View Page",
                    "href": "https://www.hktlora.com/?elementor_library=float-forms"
                },
                {
                    "text": "Edit Page",
                    "href": "https://www.hktlora.com/wp-admin/post.php?action=edit&post=2390"
                }
            ],
            "full_text": "Quote (View Page | Edit Page)"
        },
        "Submitted By": "Not a registered user"
    },
    "dingding": {
        "id": "dQgS8nWAph",
        "编号": "4392"
    }
}