{
    "form_submission": {
        "Name": "John Curry",
        "Email": "curry.john@gmail.com",
        "Country": "Ireland",
        "Message": "just want to know how much the indoor air quality sensor costs",
        "Date of Submission": "2024-01-18 23:40:17"
    },
    "extra_information": {
        "Submitted On": {
            "links": [
                {
                    "text": "View Page",
                    "href": "https://www.hktlora.com/?elementor_library=float-forms"
                },
                {
                    "text": "Edit Page",
                    "href": "https://www.hktlora.com/wp-admin/post.php?action=edit&post=2390"
                }
            ],
            "full_text": "Quote (View Page | Edit Page)"
        },
        "Submitted By": "Not a registered user"
    },
    "dingding": {
        "id": "xE7u001YM2",
        "编号": "4503"
    }
}