{
    "form_submission": {
        "Name": "Elle",
        "Email": "hello@elle-arnett.co.uk",
        "WhatsApp": "07739044356",
        "Country": "",
        "Message": "One wall 3300 x2100mm",
        "Date of Submission": "2023-02-08 21:46:58"
    },
    "extra_information": {
        "Submitted On": {
            "links": [
                {
                    "text": "View Page",
                    "href": "https://www.hktlora.com/?elementor_library=elementor-single-product-248"
                },
                {
                    "text": "Edit Page",
                    "href": "https://www.hktlora.com/wp-admin/post.php?action=edit&post=248"
                }
            ],
            "full_text": "Elementor Single Product #248 (View Page | Edit Page)"
        },
        "Submitted By": "Not a registered user"
    },
    "dingding": {
        "id": "7bSlHuVs8J",
        "编号": "1491"
    }
}