{
    "form_submission": {
        "Name": "Eddy Orellana Emeztica",
        "Email": "eddy.orellana.emeztica@kraftringen.se",
        "Country": "Sverige",
        "Message": "Hi, How much does you peoplecounter cost? Regards, Eddy",
        "Date of Submission": "2024-01-16 20:33:15"
    },
    "extra_information": {
        "Submitted On": {
            "links": [
                {
                    "text": "View Page",
                    "href": "https://www.hktlora.com/?elementor_library=float-forms"
                },
                {
                    "text": "Edit Page",
                    "href": "https://www.hktlora.com/wp-admin/post.php?action=edit&post=2390"
                }
            ],
            "full_text": "Quote (View Page | Edit Page)"
        },
        "Submitted By": "Not a registered user"
    },
    "dingding": {
        "id": "uGKFZN5GN3",
        "编号": "4498"
    }
}