{
    "form_submission": {
        "Name": "Vitaliy Lutchenko",
        "Email": "v.lutchenko@mhp.com.ua",
        "Country": "Ukraine",
        "Message": "Good day, I'm Vitaliy (MHP, Ukraine). I got Your contact in the Internet. Presently, I'm looking for Cow Activity & GPS Tracker LORAWAN in 1 pc for a test. Could You get in touch with me regarding the quotation, please? My @mail box is v.lutchenko@mhp.com.ua ; mob. +38-050-420-50-12. I would be appreciated for Your assistance.",
        "Date of Submission": "2023-12-05 20:41:50"
    },
    "extra_information": {
        "Submitted On": {
            "links": [
                {
                    "text": "View Page",
                    "href": "https://www.hktlora.com/?elementor_library=float-forms"
                },
                {
                    "text": "Edit Page",
                    "href": "https://www.hktlora.com/wp-admin/post.php?action=edit&post=2390"
                }
            ],
            "full_text": "Quote (View Page | Edit Page)"
        },
        "Submitted By": "Not a registered user"
    },
    "dingding": {
        "id": "f25g9f0p9e",
        "编号": "4365"
    }
}