{
    "form_submission": {
        "Name": "Rachit",
        "Email": "rachit_shik@rediffmail.com",
        "Country": "9916732919",
        "Message": "Need estimate to install water meters in the society for approx. 180 flats.",
        "Date of Submission": "2023-12-04 00:56:35"
    },
    "extra_information": {
        "Submitted On": {
            "links": [
                {
                    "text": "View Page",
                    "href": "https://www.hktlora.com/?elementor_library=float-forms"
                },
                {
                    "text": "Edit Page",
                    "href": "https://www.hktlora.com/wp-admin/post.php?action=edit&post=2390"
                }
            ],
            "full_text": "Quote (View Page | Edit Page)"
        },
        "Submitted By": "Not a registered user"
    },
    "dingding": {
        "id": "jJl0uCn3nQ",
        "编号": "4359"
    }
}