{
    "form_submission": {
        "First Name": "Julian Ann",
        "Last Name": "julian@zoomwings.co.uk",
        "Email Address": "julian@zoomwings.co.uk",
        "WhatsApp/Phone NO.": "09811517337",
        "Country": "United Kingdom",
        "Postcode": "00000",
        "Message": "Hi, This email is a service partnership proposal to help you attract targeted traffic to your web pages. Please take a minute to read this email, as it can help your business increase online sales. My name is Julian, and my web analysis shows that you are already using guest posting to build backlinks for your website. https://www.hktlora.com/ as I found this https://metapress.com/lorawan-smart-watch-facilitating-real-time-healthcare-with-iot-technology/ post. I'm a professional Blogger & Outreach Service Provider. I would like to inform you that I also have many such types of High DA blogs and sites with better metrics and more incoming traffic. My team can create excellent articles related to your business and publish them with your backlinks on our blogs. We deliver compelling blog posts with backlinks for many of our clients, and we can do the same for your business too. Each of these guest posts we publish for you will be Google-Indexed and help in improving the search rankings of your pages. Our service charges are highly affordable and are suitable for all businesses with low budgets for online marketing. We can offer further discounts on bulk orders. We offer the best quality backlinks on highly relevant blogs, that are guaranteed to draw in good volumes of qualified traffic to your sales pages. We provide Do-Follow links to your website pages and use only ethical content marketing methods so that your website will never get affected or penalized due to new Google algorithm updates. You could try out our services for a short term of 6 months to see the results of our content marketing strategies. We assure you that you will see measurable growth in your online sales, and will be readily willing to renew your contract with us. Kindly let me know if you are looking for a trustworthy Guest Posting Service / Blogger Outreach Service to grow your business online. I can provide you with end-to-end guest posting solutions. Here are some High quality traffic websites list: 1. Faq-blog.com - DA 58, DR 31, Traffic 5K USA 2. Thestarsfact.com - DA 73, DR 61, Traffic 1K USA 3. Dstvportal.com - DA 54, DR 47, Traffic 12K USA 4. Biographyer.com - DA 54, DR 47, Traffic 51K USA 5. Superstep.org - DA 58, DR 61, Traffic 6K USA 6. Personworth.com - DA 66, DR 53, Traffic 20K USA 7. Whotimes.com - DA 77, DR 62, Traffic 22K USA 8 Trendingbird.com - DA 71, DR 52, Traffic 4.8K USA 9. Networthexposed.com - DA 59, DR 62, Traffic 12K USA 10. Silentbio.com - DA 53, DR 73, Traffic 23k USA 11. Saverudata.info - DA 60, DR 56, Traffic 12K USA 12. Koditipstricks.com - DA 58, DR 52, Traffic 1.5K USA Note - If you wish to first see my list of 100+ sites and prices is right here: https://docs.google.com/spreadsheets/d/1ZhzNDaJFB5aF5t4NCHZwi-nGqWfz9GEr/ Check Out Our other list 500+ sites and prices is right here: https://docs.google.com/spreadsheets/d/1RloY4MhNVROUrQ19iXWRWRCpFzRZ23No/ Please get in touch with me today. I can help your business beat the competitors, and establish your brand name in the market. Thanks & Regards Julian Ann Email: julian@zoomwings.co.uk mailto:infozoomwings@gmail.com Website: https://www.zoomwings.com Skype: Zoom Wings P.S. We sincerely regret the incontinence if you have received our emails multiple times. We value your privacy and company with anti-spam laws. To unsubscribe, Please reply with a \"No\" on the email subject-line.",
        "Date of Submission": "2023-10-09 17:08:16"
    },
    "extra_information": {
        "Submitted On": {
            "links": [
                {
                    "text": "View Page",
                    "href": "https://www.hktlora.com/contact/"
                },
                {
                    "text": "Edit Page",
                    "href": "https://www.hktlora.com/wp-admin/post.php?action=edit&post=57"
                }
            ],
            "full_text": "Contact (View Page | Edit Page)"
        },
        "Submitted By": "Not a registered user"
    },
    "dingding": {
        "id": "DHajXRFVO3",
        "编号": "4081"
    }
}