{
    "form_submission": {
        "First Name": "Mariusz",
        "Last Name": "Kruszewski",
        "Email Address": "mariusz.kruszewski@infotech.edu.pl",
        "WhatsApp/Phone NO.": "+ 48 510 289 120",
        "Country": "Poland",
        "Postcode": "",
        "Message": "Ladies and Gentlemen, I am a representative of the INFOTECH Programming Technical School located in Białystok, Poland, and we would like to ask for a price offer for the purchase of 30 pieces of your smart watch LoRaWAN SW-200 Smart Watch. Our school specializes in computer science, and we are currently running a project related to the Internet of Things (IoT) as part of our programming technical school. We would like to use your smart watch to conduct research on the relationship between the learning process and the physical condition of students. Our school has its own LoRaWAN network, built by our students in the city of Białystok. Additionally, we use software written by them to collect and process data. Now, with a view to expanding the scope of our research, we plan to use a smart watch with the functions offered by your product. The research is aimed at analyzing the relationship between the learning process and the physical condition of students. We would like to monitor the sleep duration, eating habits and physical activity of our students to better understand the impact of these factors on the educational process. Your smart watch seems to be an ideal tool for this purpose, due to its rich functions related to monitoring health and physical activity. Please send us a price offer for 30 smart watches, including any available options and any educational discounts, if available. Additionally, we would like to receive information about product availability and possible warranty conditions. We are convinced that cooperation with you will contribute to the development of our research project. Thank you in advance for your time and we look forward to your response. Kind regards, Mariusz Kruszewski IoT project coordinator",
        "Date of Submission": "2024-02-07 03:54:52"
    },
    "extra_information": {
        "Submitted On": {
            "links": [
                {
                    "text": "View Page",
                    "href": "https://www.hktlora.com/contact/"
                },
                {
                    "text": "Edit Page",
                    "href": "https://www.hktlora.com/wp-admin/post.php?action=edit&post=57"
                }
            ],
            "full_text": "Contact (View Page | Edit Page)"
        },
        "Submitted By": "Not a registered user"
    },
    "dingding": {
        "id": "vtgg7jz7iz",
        "编号": "4550"
    }
}