{
    "form_submission": {
        "First Name": "Henri",
        "Last Name": "Louvigny",
        "Email Address": "henri@louvigny.be",
        "WhatsApp/Phone NO.": "0032497461852",
        "Country": "Belgique",
        "Postcode": "",
        "Message": "What's de applications we can view on this page ? https://www.hktlora.com/product/lorawan-bio-capsule-for-animal/",
        "Date of Submission": "2023-12-09 18:43:31"
    },
    "extra_information": {
        "Submitted On": {
            "links": [
                {
                    "text": "View Page",
                    "href": "https://www.hktlora.com/contact/"
                },
                {
                    "text": "Edit Page",
                    "href": "https://www.hktlora.com/wp-admin/post.php?action=edit&post=57"
                }
            ],
            "full_text": "Contact (View Page | Edit Page)"
        },
        "Submitted By": "Not a registered user"
    },
    "dingding": {
        "id": "uFJaX8NTdO",
        "编号": "4378"
    }
}