{
    "form_submission": {
        "Name": "Muhammad Raza kazmi",
        "Email": "razakazmi854@gmail.com",
        "Country": "Pakistan",
        "Message": "LoRaWAN Smoke Detector can you please Price and working",
        "Date of Submission": "2024-02-12 14:02:52"
    },
    "extra_information": {
        "Submitted On": {
            "links": [
                {
                    "text": "View Page",
                    "href": "https://www.hktlora.com/?elementor_library=float-forms"
                },
                {
                    "text": "Edit Page",
                    "href": "https://www.hktlora.com/wp-admin/post.php?action=edit&post=2390"
                }
            ],
            "full_text": "Quote (View Page | Edit Page)"
        },
        "Submitted By": "Not a registered user"
    },
    "dingding": {
        "id": "DNdW4UVO6h",
        "编号": "4565"
    }
}