{
    "form_submission": {
        "Name": "MichaelTok",
        "Comapny": "adamc566@stnd3ise.com",
        "Email Address": "adamc566@stnd3ise.com",
        "Country": "Thailand",
        "Message": "https://k12onln3-ch00l.com/",
        "Date of Submission": "2024-01-06 16:02:58"
    },
    "extra_information": {
        "Submitted On": {
            "links": [
                {
                    "text": "View Page",
                    "href": "https://www.hktlora.com/"
                },
                {
                    "text": "Edit Page",
                    "href": "https://www.hktlora.com/wp-admin/post.php?action=edit&post=46"
                }
            ],
            "full_text": "Home (View Page | Edit Page)"
        },
        "Submitted By": "Not a registered user"
    },
    "dingding": {
        "id": "cnaIEPgJJ2",
        "编号": "4452"
    }
}