{
    "form_submission": {
        "First Name": "Amanda",
        "Last Name": "white",
        "Email Address": "amanda@onlinearticles.org",
        "WhatsApp/Phone NO.": "7247611803",
        "Country": "United States",
        "Postcode": "16101",
        "Message": "Hello, Here is your recent guest post \"Client Post Link\" and with a link to your website \"client Link\" It's fantastic to see that you're using guest blogging strategy, which we do frequently. Our firm specializes in outreach services for guest posts. We can help you write further guest articles similar to the one you just read. Please let us know if you are interested, and we will proceed from there. You can pass this email to your marketing agency as well. Thanks Amanda white https://onlinearticles.org/ Whatsapp Support: +1 724 761 1803 Reply with NO for removal",
        "Date of Submission": "2023-10-16 19:59:30"
    },
    "extra_information": {
        "Submitted On": {
            "links": [
                {
                    "text": "View Page",
                    "href": "https://www.hktlora.com/contact/"
                },
                {
                    "text": "Edit Page",
                    "href": "https://www.hktlora.com/wp-admin/post.php?action=edit&post=57"
                }
            ],
            "full_text": "Contact (View Page | Edit Page)"
        },
        "Submitted By": "Not a registered user"
    },
    "dingding": {
        "id": "SQ2mgYAx1g",
        "编号": "4126"
    }
}