{
    "form_submission": {
        "First Name": "Alex",
        "Last Name": "May",
        "Email Address": "may.pearl67@gmail.com",
        "WhatsApp/Phone NO.": "819-665-5729",
        "Country": "Canada",
        "Postcode": "",
        "Message": "I'm Sam, a Web designer and App Developer, currently working with an Indian-based company, bringing over 7 years of experience to the field. We specialize in developing a variety of apps, including: 1. Food Delivery Apps, 2. School Driving Training App, 3. Taxi/Travel Apps, 4. Real Estate Apps, 5. Health Fitness Apps, 6. M-Commerce Apps, 7. Android Apps, 8. Mac OSX Apps, 9. Custom Web Apps, 10. iPhone and iPad Apps Whether it's iPhone and iPad Apps or Android Apps, we've got you covered. If you're interested in Mobile App or Web Development Services, I can provide you with our past work and pricing details. Click here for more information: https://outsource-bpo.com/website/ PS: We also do SEO Services for your website. Excellent Results and Fair prices - https://digitalpromax.co/la/",
        "Date of Submission": "2024-02-16 14:49:23"
    },
    "extra_information": {
        "Submitted On": {
            "links": [
                {
                    "text": "View Page",
                    "href": "https://www.hktlora.com/contact/"
                },
                {
                    "text": "Edit Page",
                    "href": "https://www.hktlora.com/wp-admin/post.php?action=edit&post=57"
                }
            ],
            "full_text": "Contact (View Page | Edit Page)"
        },
        "Submitted By": "Not a registered user"
    },
    "dingding": {
        "id": "6KIxfptiAp",
        "编号": "4574"
    }
}