{
    "form_submission": {
        "Name": "talal",
        "Email": "talalahmadseo@gmail.com",
        "WhatsApp": "03094293151",
        "Country": "pakistan",
        "Message": "Hello, Hope all is well with you Guest post is a basic need while promoting your site. Interesting Ideas for your website and also help you to publish your posts on High Quality Websites with Do-follow Backlink that help you to Rank Top in Search Engine and get some more Visitors to your Websites. I have many websites that have good DA,DR & Traffic sites that can help you choose backlinks for your site Here is my list of websites https://docs.google.com/spreadsheets/d/16SGOTyVm7W490fkxflPNiI7mCyytoyBAGd2VNfHmSPM/edit#gid=0 What Is Included: Permanent Do-follow Backlinks Posts permanently stay in the website archives in the category of your choice Affordable prices Let me know waiting for first orders Thanks & Regards",
        "Date of Submission": "2023-09-04 14:59:05"
    },
    "extra_information": {
        "Submitted On": {
            "links": [
                {
                    "text": "View Page",
                    "href": "https://www.hktlora.com/services/"
                },
                {
                    "text": "Edit Page",
                    "href": "https://www.hktlora.com/wp-admin/post.php?action=edit&post=48"
                }
            ],
            "full_text": "Services (View Page | Edit Page)"
        },
        "Submitted By": "Not a registered user"
    },
    "dingding": {
        "id": "shK0f4XSLl",
        "编号": "3979"
    }
}