{
    "form_submission": {
        "Name": "noreen panangin",
        "Email": "noreen.panangin@tranquility-global.com",
        "WhatsApp": "+639497364616",
        "Country": "Philippines",
        "Message": "We are a new company based in UAE. Looking for a company to customize our wearable smartwatch.",
        "Date of Submission": "2023-10-31 13:38:38"
    },
    "extra_information": {
        "Submitted On": {
            "links": [
                {
                    "text": "View Page",
                    "href": "https://www.hktlora.com/services/"
                },
                {
                    "text": "Edit Page",
                    "href": "https://www.hktlora.com/wp-admin/post.php?action=edit&post=48"
                }
            ],
            "full_text": "Services (View Page | Edit Page)"
        },
        "Submitted By": "Not a registered user"
    },
    "dingding": {
        "id": "xmHfTRcUnr",
        "编号": "4218"
    }
}