{
    "form_submission": {
        "Name": "Narendra",
        "Email": "nkydhawala@gmail.com",
        "Country": "Indian",
        "Message": "",
        "Date of Submission": "2023-08-26 00:03:14"
    },
    "extra_information": {
        "Submitted On": {
            "links": [
                {
                    "text": "View Page",
                    "href": "https://www.hktlora.com/?elementor_library=float-forms"
                },
                {
                    "text": "Edit Page",
                    "href": "https://www.hktlora.com/wp-admin/post.php?action=edit&post=2390"
                }
            ],
            "full_text": "Quote (View Page | Edit Page)"
        },
        "Submitted By": "Not a registered user"
    },
    "dingding": {
        "id": "TJfozdAgyC",
        "编号": "3954"
    }
}