{
    "form_submission": {
        "Name": "Robertcep",
        "Comapny": "zelatcol@gmail.com",
        "Email Address": "zelatcol@gmail.com",
        "Country": "United kingdom",
        "Message": "Sveiki, es gribēju zināt savu cenu.",
        "Date of Submission": "2023-08-25 16:00:51"
    },
    "extra_information": {
        "Submitted On": {
            "links": [
                {
                    "text": "View Page",
                    "href": "https://www.hktlora.com/"
                },
                {
                    "text": "Edit Page",
                    "href": "https://www.hktlora.com/wp-admin/post.php?action=edit&post=46"
                }
            ],
            "full_text": "Home (View Page | Edit Page)"
        },
        "Submitted By": "Not a registered user"
    },
    "dingding": {
        "id": "8HANbPe2gK",
        "编号": "3952"
    }
}