{
    "form_submission": {
        "Name": "Deep",
        "Email": "stardeep@outlook.it",
        "Country": "India",
        "Message": "Details about SDL-100",
        "Date of Submission": "2023-10-07 03:55:56"
    },
    "extra_information": {
        "Submitted On": {
            "links": [
                {
                    "text": "View Page",
                    "href": "https://www.hktlora.com/?elementor_library=float-forms"
                },
                {
                    "text": "Edit Page",
                    "href": "https://www.hktlora.com/wp-admin/post.php?action=edit&post=2390"
                }
            ],
            "full_text": "Quote (View Page | Edit Page)"
        },
        "Submitted By": "Not a registered user"
    },
    "dingding": {
        "id": "jf22Fsywel",
        "编号": "4060"
    }
}