{
    "form_submission": {
        "Name": "Dan",
        "Email": "danlloyd89@icloud.com",
        "Country": "United Kingdom",
        "Message": "Hi there. Please can you give me pricing options including delivery to UK",
        "Date of Submission": "2023-11-23 21:23:45"
    },
    "extra_information": {
        "Submitted On": {
            "links": [
                {
                    "text": "View Page",
                    "href": "https://www.hktlora.com/?elementor_library=float-forms"
                },
                {
                    "text": "Edit Page",
                    "href": "https://www.hktlora.com/wp-admin/post.php?action=edit&post=2390"
                }
            ],
            "full_text": "Quote (View Page | Edit Page)"
        },
        "Submitted By": "Not a registered user"
    },
    "dingding": {
        "id": "qK07nWdFkY",
        "编号": "4307"
    }
}