{
    "form_submission": {
        "First Name": "Wajanah",
        "Last Name": "Wajanah",
        "Email Address": "wagana1@yahoo.com",
        "WhatsApp/Phone NO.": "+966 50 890 1791⁩",
        "Country": "Saudi Arabia",
        "Postcode": "Owner",
        "Message": "Dear Sir, How are you, please send me your best price for the following : 220V smoke detector UL listed 1000 Pcs CO detector 250 pcs Best regards, Wajanah M. Wajanah Elite Glories Co. https://www.egtksa.com/wp/",
        "Date of Submission": "2023-10-16 17:30:05"
    },
    "extra_information": {
        "Submitted On": {
            "links": [
                {
                    "text": "View Page",
                    "href": "https://www.hktlora.com/contact/"
                },
                {
                    "text": "Edit Page",
                    "href": "https://www.hktlora.com/wp-admin/post.php?action=edit&post=57"
                }
            ],
            "full_text": "Contact (View Page | Edit Page)"
        },
        "Submitted By": "Not a registered user"
    },
    "dingding": {
        "id": "GxjMadVIvW",
        "编号": "4124"
    }
}