{
    "form_submission": {
        "Name": "Gerald attard",
        "Email": "ginger31@hotmail.co.uk",
        "WhatsApp": "+35677003739",
        "Country": "Malta",
        "Message": "To cover a wall of 2600 x2400 slatted",
        "Date of Submission": "2023-02-06 15:51:56"
    },
    "extra_information": {
        "Submitted On": {
            "links": [
                {
                    "text": "View Page",
                    "href": "https://www.hktlora.com/?elementor_library=elementor-single-product-248"
                },
                {
                    "text": "Edit Page",
                    "href": "https://www.hktlora.com/wp-admin/post.php?action=edit&post=248"
                }
            ],
            "full_text": "Elementor Single Product #248 (View Page | Edit Page)"
        },
        "Submitted By": "Not a registered user"
    },
    "dingding": {
        "id": "DUzK1Ip4oG",
        "编号": "1471"
    }
}