{
    "form_submission": {
        "First Name": "Andyka",
        "Last Name": "Bangun",
        "Email Address": "andykabangun@gmail.com",
        "WhatsApp/Phone NO.": "+62-8175106797",
        "Country": "Indonesia",
        "Postcode": "60213",
        "Message": "I want to buy hkt-20w lora watch to try health monitoring real time",
        "Date of Submission": "2023-09-30 18:09:39"
    },
    "extra_information": {
        "Submitted On": {
            "links": [
                {
                    "text": "View Page",
                    "href": "https://www.hktlora.com/contact/"
                },
                {
                    "text": "Edit Page",
                    "href": "https://www.hktlora.com/wp-admin/post.php?action=edit&post=57"
                }
            ],
            "full_text": "Contact (View Page | Edit Page)"
        },
        "Submitted By": "Not a registered user"
    },
    "dingding": {
        "id": "4vLkvNgUr7",
        "编号": "4047"
    }
}