{
    "form_submission": {
        "First Name": "Boschzbg",
        "Last Name": "lolo3390@hotmail.com",
        "Email Address": "lolo3390@hotmail.com",
        "WhatsApp/Phone NO.": "Boschrpk",
        "Country": "USA",
        "Postcode": "154211",
        "Message": "Europe, and in Ancient Russia",
        "Date of Submission": "2023-06-09 17:38:06"
    },
    "extra_information": {
        "Submitted On": {
            "links": [
                {
                    "text": "View Page",
                    "href": "https://www.hktlora.com/contact/"
                },
                {
                    "text": "Edit Page",
                    "href": "https://www.hktlora.com/wp-admin/post.php?action=edit&post=57"
                }
            ],
            "full_text": "Contact (View Page | Edit Page)"
        },
        "Submitted By": "Not a registered user"
    },
    "dingding": {
        "id": "sZbkRZji1y",
        "编号": "2824"
    }
}