{
    "form_submission": {
        "First Name": "Michael",
        "Last Name": "Baer",
        "Email Address": "baer.lorna@gmail.com",
        "WhatsApp/Phone NO.": "062 535 16 13",
        "Country": "Switzerland",
        "Postcode": "",
        "Message": "Nobody Beats Our Pricing And Quality. #1 Rated Backlink Building SEO Agency. Get Started. 1,500+ SEO's Use Our Backlink Service Every Month To Power Their SEO Campaign. Our backlink service is used and trusted by 1,500+ digital marketing agencies to power their clients SEO. Whether you're a business owner or an agency, we can help propel your SEO. Check out for the Best SEO LINK BUILDING Packages: https://alwaysdigital.co/lgt/",
        "Date of Submission": "2024-01-29 23:26:20"
    },
    "extra_information": {
        "Submitted On": {
            "links": [
                {
                    "text": "View Page",
                    "href": "https://www.hktlora.com/contact/"
                },
                {
                    "text": "Edit Page",
                    "href": "https://www.hktlora.com/wp-admin/post.php?action=edit&post=57"
                }
            ],
            "full_text": "Contact (View Page | Edit Page)"
        },
        "Submitted By": "Not a registered user"
    },
    "dingding": {
        "id": "uXZA6PhJCR",
        "编号": "4532"
    }
}