{
    "form_submission": {
        "Name": "udubucad",
        "Comapny": "bezaheg@a.fastretmail.com",
        "Email Address": "bezaheg@a.fastretmail.com",
        "Country": "El Salvador",
        "Message": "http://fjksldhyaodh.com/ - Eceraxatq Egaxuke zym.ulhi.hktlora.com.rtv.wm http://fjksldhyaodh.com/",
        "Date of Submission": "2023-12-26 22:21:52"
    },
    "extra_information": {
        "Submitted On": {
            "links": [
                {
                    "text": "View Page",
                    "href": "https://www.hktlora.com/"
                },
                {
                    "text": "Edit Page",
                    "href": "https://www.hktlora.com/wp-admin/post.php?action=edit&post=46"
                }
            ],
            "full_text": "Home (View Page | Edit Page)"
        },
        "Submitted By": "Not a registered user"
    },
    "dingding": {
        "id": "ervsVun2VN",
        "编号": "4438"
    }
}