{
    "form_submission": {
        "Name": "Ajay",
        "Email": "ajayarnablaxmi01@gmail.com",
        "Country": "ভারত",
        "Message": "Hi",
        "Date of Submission": "2023-11-30 00:19:51"
    },
    "extra_information": {
        "Submitted On": {
            "links": [
                {
                    "text": "View Page",
                    "href": "https://www.hktlora.com/?elementor_library=float-forms"
                },
                {
                    "text": "Edit Page",
                    "href": "https://www.hktlora.com/wp-admin/post.php?action=edit&post=2390"
                }
            ],
            "full_text": "Quote (View Page | Edit Page)"
        },
        "Submitted By": "Not a registered user"
    },
    "dingding": {
        "id": "bufaUWKCWM",
        "编号": "4333"
    }
}