{
    "form_submission": {
        "Name": "greig arthur",
        "Email": "g.arthur2016@hotmail.com",
        "WhatsApp": "+447395268955",
        "Country": "united kingdom",
        "Message": "hello could you give me a price please. 200 square metres of walnut black acoustic panel. size : 2400 x 600 x 21 could u please include delivery to the united kingdom many thanks, greig arthur",
        "Date of Submission": "2023-02-03 22:11:07"
    },
    "extra_information": {
        "Submitted On": {
            "links": [
                {
                    "text": "View Page",
                    "href": "https://www.hktlora.com/?elementor_library=elementor-single-product-248"
                },
                {
                    "text": "Edit Page",
                    "href": "https://www.hktlora.com/wp-admin/post.php?action=edit&post=248"
                }
            ],
            "full_text": "Elementor Single Product #248 (View Page | Edit Page)"
        },
        "Submitted By": "Not a registered user"
    },
    "dingding": {
        "id": "ekcc4POASp",
        "编号": "1456"
    }
}