{
    "form_submission": {
        "Name": "Silvana Maria Lopes",
        "Email": "Silvanalopes@hotimo.com",
        "Country": "173304",
        "Message": "",
        "Date of Submission": "2023-09-11 04:10:22"
    },
    "extra_information": {
        "Submitted On": {
            "links": [
                {
                    "text": "View Page",
                    "href": "https://www.hktlora.com/?elementor_library=float-forms"
                },
                {
                    "text": "Edit Page",
                    "href": "https://www.hktlora.com/wp-admin/post.php?action=edit&post=2390"
                }
            ],
            "full_text": "Quote (View Page | Edit Page)"
        },
        "Submitted By": "Not a registered user"
    },
    "dingding": {
        "id": "e62iqQ2b39",
        "编号": "3994"
    }
}