{
    "form_submission": {
        "Name": "iker",
        "Email": "iker.gnovo@imatek.eus",
        "Country": "spain",
        "Message": "Hello, CAn you give me the quotation of LoRaWAN Indoor Air Quality Sensor? We are Imatek, a Basque IOT Company from Spain Thanks in advance",
        "Date of Submission": "2024-01-22 23:14:26"
    },
    "extra_information": {
        "Submitted On": {
            "links": [
                {
                    "text": "View Page",
                    "href": "https://www.hktlora.com/?elementor_library=float-forms"
                },
                {
                    "text": "Edit Page",
                    "href": "https://www.hktlora.com/wp-admin/post.php?action=edit&post=2390"
                }
            ],
            "full_text": "Quote (View Page | Edit Page)"
        },
        "Submitted By": "Not a registered user"
    },
    "dingding": {
        "id": "wOL0UQ5rO5",
        "编号": "4519"
    }
}