{
    "form_submission": {
        "Name": "Hindpal Singh",
        "Email": "hsingh@frigoglass.com",
        "WhatsApp": "09810542690",
        "Country": "India",
        "Message": "We required IoT device to develop SMART IOT BASED refrigerator.",
        "Date of Submission": "2023-11-17 12:54:44"
    },
    "extra_information": {
        "Submitted On": {
            "links": [
                {
                    "text": "View Page",
                    "href": "https://www.hktlora.com/our-factory/"
                },
                {
                    "text": "Edit Page",
                    "href": "https://www.hktlora.com/wp-admin/post.php?action=edit&post=52"
                }
            ],
            "full_text": "Our Factory (View Page | Edit Page)"
        },
        "Submitted By": "Not a registered user"
    },
    "dingding": {
        "id": "t9WU8KHSC7",
        "编号": "4266"
    }
}