{
    "form_submission": {
        "Name": "Robertcep",
        "Comapny": "lucido.leinteract@gmail.com",
        "Email Address": "lucido.leinteract@gmail.com",
        "Country": "Germany",
        "Message": "Здравейте, исках да знам цената ви.",
        "Date of Submission": "2023-12-19 20:02:30"
    },
    "extra_information": {
        "Submitted On": {
            "links": [
                {
                    "text": "View Page",
                    "href": "https://www.hktlora.com/"
                },
                {
                    "text": "Edit Page",
                    "href": "https://www.hktlora.com/wp-admin/post.php?action=edit&post=46"
                }
            ],
            "full_text": "Home (View Page | Edit Page)"
        },
        "Submitted By": "Not a registered user"
    },
    "dingding": {
        "id": "knlDtI3iNm",
        "编号": "4399"
    }
}