{
    "form_submission": {
        "Name": "Jitendra Kumar",
        "Email": "jy664695@gmail.com",
        "Country": "India",
        "Message": "",
        "Date of Submission": "2023-08-28 05:29:27"
    },
    "extra_information": {
        "Submitted On": {
            "links": [
                {
                    "text": "View Page",
                    "href": "https://www.hktlora.com/?elementor_library=float-forms"
                },
                {
                    "text": "Edit Page",
                    "href": "https://www.hktlora.com/wp-admin/post.php?action=edit&post=2390"
                }
            ],
            "full_text": "Quote (View Page | Edit Page)"
        },
        "Submitted By": "Not a registered user"
    },
    "dingding": {
        "id": "oaPL5Tag6b",
        "编号": "3957"
    }
}