{
    "form_submission": {
        "Name": "Robertcep",
        "Comapny": "lucido.leinteract@gmail.com",
        "Email Address": "lucido.leinteract@gmail.com",
        "Country": "Georgia",
        "Message": "হাই, আমি আপনার মূল্য জানতে চেয়েছিলাম.",
        "Date of Submission": "2024-01-25 09:16:34"
    },
    "extra_information": {
        "Submitted On": {
            "links": [
                {
                    "text": "View Page",
                    "href": "https://www.hktlora.com/"
                },
                {
                    "text": "Edit Page",
                    "href": "https://www.hktlora.com/wp-admin/post.php?action=edit&post=46"
                }
            ],
            "full_text": "Home (View Page | Edit Page)"
        },
        "Submitted By": "Not a registered user"
    },
    "dingding": {
        "id": "PkzIdMgmoR",
        "编号": "4525"
    }
}