{
    "form_submission": {
        "Name": "Matthew Daley",
        "Email": "daley86@live.co.uk",
        "WhatsApp": "",
        "Country": "Isle of Man",
        "Message": "",
        "Date of Submission": "2023-05-17 22:37:45"
    },
    "extra_information": {
        "Submitted On": {
            "links": [
                {
                    "text": "View Page",
                    "href": "https://www.hktlora.com/?elementor_library=elementor-single-product-248"
                },
                {
                    "text": "Edit Page",
                    "href": "https://www.hktlora.com/wp-admin/post.php?action=edit&post=248"
                }
            ],
            "full_text": "Elementor Single Product #248 (View Page | Edit Page)"
        },
        "Submitted By": "Not a registered user"
    },
    "dingding": {
        "id": "CywALodmtZ",
        "编号": "2167"
    }
}