{
    "form_submission": {
        "First Name": "oscar",
        "Last Name": "cela",
        "Email Address": "oscar.cela@redytel.info",
        "WhatsApp/Phone NO.": "+34699452701",
        "Country": "España",
        "Postcode": "24404",
        "Message": "We need prices of your lorawan products, Parking sensors and water flow sensor. Thank you",
        "Date of Submission": "2023-09-29 19:50:31"
    },
    "extra_information": {
        "Submitted On": {
            "links": [
                {
                    "text": "View Page",
                    "href": "https://www.hktlora.com/contact/"
                },
                {
                    "text": "Edit Page",
                    "href": "https://www.hktlora.com/wp-admin/post.php?action=edit&post=57"
                }
            ],
            "full_text": "Contact (View Page | Edit Page)"
        },
        "Submitted By": "Not a registered user"
    },
    "dingding": {
        "id": "lJiU85laLh",
        "编号": "4045"
    }
}