{
    "form_submission": {
        "First Name": "Mickey",
        "Last Name": "Culler",
        "Email Address": "culler.vernon12@googlemail.com",
        "WhatsApp/Phone NO.": "2371765491",
        "Country": "Norway",
        "Postcode": "",
        "Message": "I hope this email finds you well. I wanted to take a moment to discuss how our Monthly SEO Services can significantly impact your business's bottom line, driving both profit and sales growth. 1. Increased Visibility, Increased Sales 2. Targeted Traffic for Conversions 3. Enhanced Conversion Rates 4. Competitive Edge in Sales 5. Measurable ROI 6. Adaptation to Market Trends We'd be thrilled to discuss how our tailored Monthly SEO Services can specifically contribute to the profitability and sales growth of your business. When would be a convenient time for a discussion? Let's collaborate to unlock the full potential of your online success. Find out more at https://digitalpromax.co/",
        "Date of Submission": "2023-12-22 14:33:51"
    },
    "extra_information": {
        "Submitted On": {
            "links": [
                {
                    "text": "View Page",
                    "href": "https://www.hktlora.com/contact/"
                },
                {
                    "text": "Edit Page",
                    "href": "https://www.hktlora.com/wp-admin/post.php?action=edit&post=57"
                }
            ],
            "full_text": "Contact (View Page | Edit Page)"
        },
        "Submitted By": "Not a registered user"
    },
    "dingding": {
        "id": "rTNMidSxpn",
        "编号": "4424"
    }
}