{
    "form_submission": {
        "First Name": "Ramachandra",
        "Last Name": "Naidu",
        "Email Address": "Ramachandra@botanika.in",
        "WhatsApp/Phone NO.": "75697 27619",
        "Country": "India",
        "Postcode": "500032",
        "Message": "We are looking for smart cloud based domestic water meters supply and installation. Thanks and Regards. Ramachandra Naidu",
        "Date of Submission": "2023-11-07 19:11:49"
    },
    "extra_information": {
        "Submitted On": {
            "links": [
                {
                    "text": "View Page",
                    "href": "https://www.hktlora.com/contact/"
                },
                {
                    "text": "Edit Page",
                    "href": "https://www.hktlora.com/wp-admin/post.php?action=edit&post=57"
                }
            ],
            "full_text": "Contact (View Page | Edit Page)"
        },
        "Submitted By": "Not a registered user"
    },
    "dingding": {
        "id": "XqEHhuHHsQ",
        "编号": "4241"
    }
}