{
    "form_submission": {
        "Name": "56",
        "Email": "52076292Z@qq.com",
        "Country": "44",
        "Message": "9898",
        "Date of Submission": "2023-06-30 16:57:40"
    },
    "extra_information": {
        "Submitted On": {
            "links": [
                {
                    "text": "View Page",
                    "href": "https://www.hktlora.com/?elementor_library=float-forms"
                },
                {
                    "text": "Edit Page",
                    "href": "https://www.hktlora.com/wp-admin/post.php?action=edit&post=2390"
                }
            ],
            "full_text": "Quote (View Page | Edit Page)"
        },
        "Submitted By": {
            "links": [
                {
                    "text": "View User Profiile",
                    "href": "https://www.hktlora.com/wp-admin/user-edit.php?user_id=3"
                },
                {
                    "text": "View 3 more submissions by this user",
                    "href": null
                }
            ],
            "full_text": "huakuantong (View User Profiile | View 3 more submissions by this user)"
        }
    },
    "dingding": {
        "id": "R90Jczq70j",
        "编号": "3405"
    }
}