{
    "form_submission": {
        "First Name": "Birgit",
        "Last Name": "Burch",
        "Email Address": "birgit.burch@gmail.com",
        "WhatsApp/Phone NO.": "04931 60 91 55",
        "Country": "Germany",
        "Postcode": "",
        "Message": "want to get an alert when your website is down? then use our 24on7 web monitor - it's absolutely free! visit https://t.ly/HmMMe?hktlora.com for more info",
        "Date of Submission": "2023-10-22 10:49:48"
    },
    "extra_information": {
        "Submitted On": {
            "links": [
                {
                    "text": "View Page",
                    "href": "https://www.hktlora.com/contact/"
                },
                {
                    "text": "Edit Page",
                    "href": "https://www.hktlora.com/wp-admin/post.php?action=edit&post=57"
                }
            ],
            "full_text": "Contact (View Page | Edit Page)"
        },
        "Submitted By": "Not a registered user"
    },
    "dingding": {
        "id": "2d6y5pdbjd",
        "编号": "4140"
    }
}