{
    "form_submission": {
        "Name": "Debbie Connolly",
        "Email": "debbiekea@gmail.com",
        "WhatsApp": "0857083968",
        "Country": "Ireland",
        "Message": "Could I get a quote for Size 3 walnut please",
        "Date of Submission": "2023-04-12 22:12:10"
    },
    "extra_information": {
        "Submitted On": {
            "links": [
                {
                    "text": "View Page",
                    "href": "https://www.hktlora.com/?elementor_library=elementor-single-product-248"
                },
                {
                    "text": "Edit Page",
                    "href": "https://www.hktlora.com/wp-admin/post.php?action=edit&post=248"
                }
            ],
            "full_text": "Elementor Single Product #248 (View Page | Edit Page)"
        },
        "Submitted By": "Not a registered user"
    },
    "dingding": {
        "id": "TWeKaJxBql",
        "编号": "1671"
    }
}