{
    "form_submission": {
        "Name": "Mohammad Arif Fakhry",
        "Email": "arif.fakhry@ciptanusaadiguna.com",
        "Country": "Indonesia",
        "Message": "Need Information and POC Parking Sensor-Embedded and Parking Sensor-Surface micro-power geomagnetic induction and 24G microwave dual detection technology. LoRaWAN for 873 Units.",
        "Date of Submission": "2024-01-10 17:38:53"
    },
    "extra_information": {
        "Submitted On": {
            "links": [
                {
                    "text": "View Page",
                    "href": "https://www.hktlora.com/?elementor_library=float-forms"
                },
                {
                    "text": "Edit Page",
                    "href": "https://www.hktlora.com/wp-admin/post.php?action=edit&post=2390"
                }
            ],
            "full_text": "Quote (View Page | Edit Page)"
        },
        "Submitted By": "Not a registered user"
    },
    "dingding": {
        "id": "9ewDSdlD2v",
        "编号": "4458"
    }
}