{
    "form_submission": {
        "Name": "Nicolas",
        "Email": "nwu@softhard.io",
        "Country": "Hong Kong",
        "Message": "偵測語言 英文 中文 (繁體) 日文 中文 (繁體) 英文 中文 (簡體) 原文內容 Would like to get a quote for 3 samples of LoRaWAN Smart Watch",
        "Date of Submission": "2024-01-31 18:22:09"
    },
    "extra_information": {
        "Submitted On": {
            "links": [
                {
                    "text": "View Page",
                    "href": "https://www.hktlora.com/?elementor_library=float-forms"
                },
                {
                    "text": "Edit Page",
                    "href": "https://www.hktlora.com/wp-admin/post.php?action=edit&post=2390"
                }
            ],
            "full_text": "Quote (View Page | Edit Page)"
        },
        "Submitted By": "Not a registered user"
    },
    "dingding": {
        "id": "5hNIil8rV9",
        "编号": "4536"
    }
}