{
    "form_submission": {
        "First Name": "Sudha",
        "Last Name": "nair",
        "Email Address": "sudhavnair72@gmail.com",
        "WhatsApp/Phone NO.": "09148941414",
        "Country": "India",
        "Postcode": "560067",
        "Message": "",
        "Date of Submission": "2023-11-30 19:51:36"
    },
    "extra_information": {
        "Submitted On": {
            "links": [
                {
                    "text": "View Page",
                    "href": "https://www.hktlora.com/contact/"
                },
                {
                    "text": "Edit Page",
                    "href": "https://www.hktlora.com/wp-admin/post.php?action=edit&post=57"
                }
            ],
            "full_text": "Contact (View Page | Edit Page)"
        },
        "Submitted By": "Not a registered user"
    },
    "dingding": {
        "id": "JcwP7IAPOO",
        "编号": "4338"
    }
}