{
    "form_submission": {
        "Name": "Boris",
        "Email": "borisg26a@gmail.com",
        "Country": "Venezuela",
        "Message": "Need general catalog with price",
        "Date of Submission": "2023-11-07 15:38:39"
    },
    "extra_information": {
        "Submitted On": {
            "links": [
                {
                    "text": "View Page",
                    "href": "https://www.hktlora.com/?elementor_library=float-forms"
                },
                {
                    "text": "Edit Page",
                    "href": "https://www.hktlora.com/wp-admin/post.php?action=edit&post=2390"
                }
            ],
            "full_text": "Quote (View Page | Edit Page)"
        },
        "Submitted By": "Not a registered user"
    },
    "dingding": {
        "id": "4GCuI7AUvR",
        "编号": "4239"
    }
}