{
    "form_submission": {
        "Name": "Ferris",
        "Email": "Ferrisjunhua.lim@sanmina.com",
        "Country": "Singapore",
        "Message": "Hi there, I'm interested. May I know the price. Do you ship to singapore?",
        "Date of Submission": "2024-02-09 08:59:29"
    },
    "extra_information": {
        "Submitted On": {
            "links": [
                {
                    "text": "View Page",
                    "href": "https://www.hktlora.com/?elementor_library=float-forms"
                },
                {
                    "text": "Edit Page",
                    "href": "https://www.hktlora.com/wp-admin/post.php?action=edit&post=2390"
                }
            ],
            "full_text": "Quote (View Page | Edit Page)"
        },
        "Submitted By": "Not a registered user"
    },
    "dingding": {
        "id": "0PpS8ohNmC",
        "编号": "4558"
    }
}