{
    "form_submission": {
        "Name": "YAKIR",
        "Email": "yakirl@edeltech.co.il",
        "Country": "Israel",
        "Message": "Hello We have a problem with gas flow meter KKS: FLOW MEASURING 10EKG30CF001 The flowmeter rotor blades are damaged. We would like to get a proposal for a repair of this meter and additional proposal for a new one. I attach the certificate of the flowmeter and pictures of the flowmeter labels from field. Please send us the proposals as soon as possible. Heat Item No. 2205915 Typ: TZ100, G250, DN100, ANSI 600RF",
        "Date of Submission": "2023-11-06 17:57:45"
    },
    "extra_information": {
        "Submitted On": {
            "links": [
                {
                    "text": "View Page",
                    "href": "https://www.hktlora.com/?elementor_library=float-forms"
                },
                {
                    "text": "Edit Page",
                    "href": "https://www.hktlora.com/wp-admin/post.php?action=edit&post=2390"
                }
            ],
            "full_text": "Quote (View Page | Edit Page)"
        },
        "Submitted By": "Not a registered user"
    },
    "dingding": {
        "id": "nT4IX7zpu4",
        "编号": "4236"
    }
}