{
    "form_submission": {
        "First Name": "Jim",
        "Last Name": "Whitely",
        "Email Address": "whitely.edmund@gmail.com",
        "WhatsApp/Phone NO.": "6590594290",
        "Country": "Brazil",
        "Postcode": "",
        "Message": "Hi there, Monthly Seo Services - Professional/ Affordable Seo Services Hire the leading seo marketing company and get your website ranked on search engines. Are you looking to rank your website on search engines? Contact us now to get started - https://digitalpromax.co/la/ Today! Psst.. we will also do web design and build complete website. Wordpress and Ecommerce sites development. Click here: https://wpexpertspro.co/website/",
        "Date of Submission": "2023-10-11 01:19:17"
    },
    "extra_information": {
        "Submitted On": {
            "links": [
                {
                    "text": "View Page",
                    "href": "https://www.hktlora.com/contact/"
                },
                {
                    "text": "Edit Page",
                    "href": "https://www.hktlora.com/wp-admin/post.php?action=edit&post=57"
                }
            ],
            "full_text": "Contact (View Page | Edit Page)"
        },
        "Submitted By": "Not a registered user"
    },
    "dingding": {
        "id": "i1CZqZ1n0l",
        "编号": "4083"
    }
}