{
    "form_submission": {
        "First Name": "Georgina",
        "Last Name": "Haynes",
        "Email Address": "georginahaynes620@gmail.com",
        "WhatsApp/Phone NO.": "06-98386876",
        "Country": "Netherlands",
        "Postcode": "",
        "Message": "Hi, We'd like to introduce to you our explainer video service, which we feel can benefit your site hktlora.com. Check out some of our existing videos here: https://www.youtube.com/watch?v=bWz-ELfJVEI https://www.youtube.com/watch?v=Y46aNG-Y3rM https://www.youtube.com/watch?v=hJCFX1AjHKk Our prices start from as little as $195 and include a professional script and voice-over. If this is something you would like to discuss further, don't hesitate to reply. Kind Regards, Georgina",
        "Date of Submission": "2024-01-24 16:10:24"
    },
    "extra_information": {
        "Submitted On": {
            "links": [
                {
                    "text": "View Page",
                    "href": "https://www.hktlora.com/contact/"
                },
                {
                    "text": "Edit Page",
                    "href": "https://www.hktlora.com/wp-admin/post.php?action=edit&post=57"
                }
            ],
            "full_text": "Contact (View Page | Edit Page)"
        },
        "Submitted By": "Not a registered user"
    },
    "dingding": {
        "id": "G0vdW8Zox1",
        "编号": "4524"
    }
}