{
    "form_submission": {
        "First Name": "Hindpal",
        "Last Name": "Singh",
        "Email Address": "hsingh@frigoglass.com",
        "WhatsApp/Phone NO.": "09810542690",
        "Country": "India",
        "Postcode": "122050",
        "Message": "We are the company (Frigoglass) engaged in the manufacturing of Freezers for commercial application in 8 countries. Now we wants to develop a new series of smart IoT based refrigerator/Freezer. Please confirm for further communication. Regards Hindpal.",
        "Date of Submission": "2023-11-17 12:49:53"
    },
    "extra_information": {
        "Submitted On": {
            "links": [
                {
                    "text": "View Page",
                    "href": "https://www.hktlora.com/contact/"
                },
                {
                    "text": "Edit Page",
                    "href": "https://www.hktlora.com/wp-admin/post.php?action=edit&post=57"
                }
            ],
            "full_text": "Contact (View Page | Edit Page)"
        },
        "Submitted By": "Not a registered user"
    },
    "dingding": {
        "id": "PFp9n248wa",
        "编号": "4265"
    }
}