{
    "form_submission": {
        "Name": "RobertHet",
        "Comapny": "yasen.krasen.13+96659@mail.ru",
        "Email Address": "yasen.krasen.13+96659@mail.ru",
        "Country": "Cyprus",
        "Message": "Ofokfojfief jwlkfeejereghfj iewojfekfjergij wiojewjfewitghuhwrgtjgh ewjhfwqjhdfuewgtuiwe huegfrwgyewgtywegt hktlora.com",
        "Date of Submission": "2024-01-29 12:44:55"
    },
    "extra_information": {
        "Submitted On": {
            "links": [
                {
                    "text": "View Page",
                    "href": "https://www.hktlora.com/"
                },
                {
                    "text": "Edit Page",
                    "href": "https://www.hktlora.com/wp-admin/post.php?action=edit&post=46"
                }
            ],
            "full_text": "Home (View Page | Edit Page)"
        },
        "Submitted By": "Not a registered user"
    },
    "dingding": {
        "id": "UXo51xdrcD",
        "编号": "4531"
    }
}