{
    "form_submission": {
        "Name": "Andyka",
        "Email": "andykabangun@gmail.com",
        "Country": "Indonesia",
        "Message": "I want to buy this",
        "Date of Submission": "2023-09-30 18:14:36"
    },
    "extra_information": {
        "Submitted On": {
            "links": [
                {
                    "text": "View Page",
                    "href": "https://www.hktlora.com/?elementor_library=float-forms"
                },
                {
                    "text": "Edit Page",
                    "href": "https://www.hktlora.com/wp-admin/post.php?action=edit&post=2390"
                }
            ],
            "full_text": "Quote (View Page | Edit Page)"
        },
        "Submitted By": "Not a registered user"
    },
    "dingding": {
        "id": "3EHBBanHgM",
        "编号": "4049"
    }
}