{
    "form_submission": {
        "Name": "Robertcep",
        "Comapny": "lucido.leinteract@gmail.com",
        "Email Address": "lucido.leinteract@gmail.com",
        "Country": "Poland",
        "Message": "Hallo, ek wou jou prys ken.",
        "Date of Submission": "2023-12-17 22:43:45"
    },
    "extra_information": {
        "Submitted On": {
            "links": [
                {
                    "text": "View Page",
                    "href": "https://www.hktlora.com/"
                },
                {
                    "text": "Edit Page",
                    "href": "https://www.hktlora.com/wp-admin/post.php?action=edit&post=46"
                }
            ],
            "full_text": "Home (View Page | Edit Page)"
        },
        "Submitted By": "Not a registered user"
    },
    "dingding": {
        "id": "N4tElB6QOr",
        "编号": "4393"
    }
}