{
    "form_submission": {
        "First Name": "Francesco",
        "Last Name": "Alfieri",
        "Email Address": "francesco.alfieri@magaldinnova.it",
        "WhatsApp/Phone NO.": "000",
        "Country": "Italia",
        "Postcode": "",
        "Message": "Hello, we are a software house working in health public and private field. We are indeed interested in your wristband for indoor localization, fall sensor and monitoring of vital parameters to enhance our kit, could you give more information about it and a technical sheet? is provided sdk too? thank you",
        "Date of Submission": "2024-01-30 18:42:55"
    },
    "extra_information": {
        "Submitted On": {
            "links": [
                {
                    "text": "View Page",
                    "href": "https://www.hktlora.com/contact/"
                },
                {
                    "text": "Edit Page",
                    "href": "https://www.hktlora.com/wp-admin/post.php?action=edit&post=57"
                }
            ],
            "full_text": "Contact (View Page | Edit Page)"
        },
        "Submitted By": "Not a registered user"
    },
    "dingding": {
        "id": "NmXFeWBCvQ",
        "编号": "4533"
    }
}