{
    "form_submission": {
        "Name": "Craig Herrett",
        "Email": "craig@alliot.co.uk",
        "Country": "United Kingdom",
        "Message": "I am distributor in the UK and am interested in this product. How much for 50?",
        "Date of Submission": "2023-10-09 13:59:07"
    },
    "extra_information": {
        "Submitted On": {
            "links": [
                {
                    "text": "View Page",
                    "href": "https://www.hktlora.com/?elementor_library=float-forms"
                },
                {
                    "text": "Edit Page",
                    "href": "https://www.hktlora.com/wp-admin/post.php?action=edit&post=2390"
                }
            ],
            "full_text": "Quote (View Page | Edit Page)"
        },
        "Submitted By": "Not a registered user"
    },
    "dingding": {
        "id": "d8ifaq0GKr",
        "编号": "4064"
    }
}