{
    "form_submission": {
        "Name": "Muditahari",
        "Email": "muditaharimudita@gmail.com",
        "Country": "Mududitahari",
        "Message": "Muditahari",
        "Date of Submission": "2023-10-20 00:07:27"
    },
    "extra_information": {
        "Submitted On": {
            "links": [
                {
                    "text": "View Page",
                    "href": "https://www.hktlora.com/?elementor_library=float-forms"
                },
                {
                    "text": "Edit Page",
                    "href": "https://www.hktlora.com/wp-admin/post.php?action=edit&post=2390"
                }
            ],
            "full_text": "Quote (View Page | Edit Page)"
        },
        "Submitted By": "Not a registered user"
    },
    "dingding": {
        "id": "WaJqYxKavJ",
        "编号": "4134"
    }
}