{
    "form_submission": {
        "Name": "LORENA BIAZEVIC",
        "Email": "lbiazevic@pats.cl",
        "Country": "Chile",
        "Message": "Hi, I hope this email finds you well. I am looking for security locks for doors, these locks must have a system of control and registration of entry and a computer support system, they must have access with fingerprint, card or electronic key and that can have a system that allows to have a database that allows to control access, what equipment can recommend me? I need a brochure, quote for 3,000 units to be shipped to Chile, delivery time. Thanks Lorena Biazevic",
        "Date of Submission": "2023-10-26 09:00:41"
    },
    "extra_information": {
        "Submitted On": {
            "links": [
                {
                    "text": "View Page",
                    "href": "https://www.hktlora.com/?elementor_library=float-forms"
                },
                {
                    "text": "Edit Page",
                    "href": "https://www.hktlora.com/wp-admin/post.php?action=edit&post=2390"
                }
            ],
            "full_text": "Quote (View Page | Edit Page)"
        },
        "Submitted By": "Not a registered user"
    },
    "dingding": {
        "id": "6Lseswa8gP",
        "编号": "4210"
    }
}