{
    "form_submission": {
        "First Name": "丁",
        "Last Name": "肖宇",
        "Email Address": "Joe.Ding@evebattery.com",
        "WhatsApp/Phone NO.": "15966652581",
        "Country": "中国",
        "Postcode": "516000",
        "Message": "您好，我是丁肖宇，亿纬锂能股份有限公司的锂电池销售。公司位于广东省惠州市仲恺高新区，是首批的深圳创业板上市企业之一。亿纬锂能在锂电池行业深耕超过20年，产品广泛应用于IOT，智能表记，汽车电子，储能等行业，其中锂亚电池是国家级制造业单项冠军产品，公司官网是 www.evebattery.com, 您可以查看到更多的相关信息。公司产品性价比高、质量好，在国内的锂原电池市场处于领先地位也期待与您的交流和合作。",
        "Date of Submission": "2024-02-18 21:31:12"
    },
    "extra_information": {
        "Submitted On": {
            "links": [
                {
                    "text": "View Page",
                    "href": "https://www.hktlora.com/contact/"
                },
                {
                    "text": "Edit Page",
                    "href": "https://www.hktlora.com/wp-admin/post.php?action=edit&post=57"
                }
            ],
            "full_text": "Contact (View Page | Edit Page)"
        },
        "Submitted By": "Not a registered user"
    },
    "dingding": {
        "id": "jEkG51olZ3",
        "编号": "4593"
    }
}