{
    "form_submission": {
        "First Name": "Koushika",
        "Last Name": "P",
        "Email Address": "talent.acquisition@spritle.com",
        "WhatsApp/Phone NO.": "9840641216",
        "Country": "India",
        "Postcode": "600045",
        "Message": "We are looking for IOT device providers for our existing escalators. Please revert back if you find it relevant",
        "Date of Submission": "2023-11-16 19:21:14"
    },
    "extra_information": {
        "Submitted On": {
            "links": [
                {
                    "text": "View Page",
                    "href": "https://www.hktlora.com/contact/"
                },
                {
                    "text": "Edit Page",
                    "href": "https://www.hktlora.com/wp-admin/post.php?action=edit&post=57"
                }
            ],
            "full_text": "Contact (View Page | Edit Page)"
        },
        "Submitted By": "Not a registered user"
    },
    "dingding": {
        "id": "W47lk8i0U7",
        "编号": "4262"
    }
}