{
    "form_submission": {
        "First Name": "Abdelhamid",
        "Last Name": "Metwally",
        "Email Address": "abdelhamid.metwally@metconetworks.com",
        "WhatsApp/Phone NO.": "00201102914860",
        "Country": "Iraq",
        "Postcode": "",
        "Message": "Model: HKT-SD100 Description: LoRaWAN Smoke Detector Qty:30 Model: HKT-ID-100 Description: LoRaWAN Indoor Gateway Qty:30",
        "Date of Submission": "2024-01-23 12:57:35"
    },
    "extra_information": {
        "Submitted On": {
            "links": [
                {
                    "text": "View Page",
                    "href": "https://www.hktlora.com/contact/"
                },
                {
                    "text": "Edit Page",
                    "href": "https://www.hktlora.com/wp-admin/post.php?action=edit&post=57"
                }
            ],
            "full_text": "Contact (View Page | Edit Page)"
        },
        "Submitted By": "Not a registered user"
    },
    "dingding": {
        "id": "601gexwLDb",
        "编号": "4520"
    }
}