{
    "form_submission": {
        "Name": "Leonardo Peixoto",
        "Email": "leoaugustobr@gmail.com",
        "Country": "Brazil",
        "Message": "I would like to know about the prices of this product: https://www.hktlora.com/product/lorawan-gps-cattle-tracker/",
        "Date of Submission": "2023-11-01 00:48:45"
    },
    "extra_information": {
        "Submitted On": {
            "links": [
                {
                    "text": "View Page",
                    "href": "https://www.hktlora.com/?elementor_library=float-forms"
                },
                {
                    "text": "Edit Page",
                    "href": "https://www.hktlora.com/wp-admin/post.php?action=edit&post=2390"
                }
            ],
            "full_text": "Quote (View Page | Edit Page)"
        },
        "Submitted By": "Not a registered user"
    },
    "dingding": {
        "id": "WV5pe9px0h",
        "编号": "4221"
    }
}