{
    "form_submission": {
        "Name": "Jatin Hirpara",
        "Email": "fusatech.jatin@gmail.com",
        "Country": "India",
        "Message": "Require parking sensor, please share your we chat ID for correspondence purpose.",
        "Date of Submission": "2023-12-09 12:56:27"
    },
    "extra_information": {
        "Submitted On": {
            "links": [
                {
                    "text": "View Page",
                    "href": "https://www.hktlora.com/?elementor_library=float-forms"
                },
                {
                    "text": "Edit Page",
                    "href": "https://www.hktlora.com/wp-admin/post.php?action=edit&post=2390"
                }
            ],
            "full_text": "Quote (View Page | Edit Page)"
        },
        "Submitted By": "Not a registered user"
    },
    "dingding": {
        "id": "gAv7qypkjd",
        "编号": "4376"
    }
}