{
    "form_submission": {
        "First Name": "Bovas",
        "Last Name": "Jacob",
        "Email Address": "sales@tame.ae",
        "WhatsApp/Phone NO.": "00971585949443",
        "Country": "United Arab Emirates",
        "Postcode": "",
        "Message": "Hello We are looking for Air Quality Sensors in our BMS Projects. Let me know if you have any distributors over here in UAE or looking for the same . Appreciate your prompt response on the same",
        "Date of Submission": "2024-01-22 00:45:00"
    },
    "extra_information": {
        "Submitted On": {
            "links": [
                {
                    "text": "View Page",
                    "href": "https://www.hktlora.com/contact/"
                },
                {
                    "text": "Edit Page",
                    "href": "https://www.hktlora.com/wp-admin/post.php?action=edit&post=57"
                }
            ],
            "full_text": "Contact (View Page | Edit Page)"
        },
        "Submitted By": "Not a registered user"
    },
    "dingding": {
        "id": "KTGIkdlAgf",
        "编号": "4516"
    }
}