{
    "form_submission": {
        "First Name": "Carlos",
        "Last Name": "J.",
        "Email Address": "pat@aneesho.com",
        "WhatsApp/Phone NO.": "08102440753",
        "Country": "United States",
        "Postcode": "10007",
        "Message": "Just wanted to ask if you would be interested in getting external help with graphic design? We do all design work like banners, advertisements, brochures, logos, flyers, etc. for a fixed monthly fee. We don't charge for each task. What kind of work do you need on a regular basis? Let me know and I'll share my portfolio with you.",
        "Date of Submission": "2023-08-28 16:48:23"
    },
    "extra_information": {
        "Submitted On": {
            "links": [
                {
                    "text": "View Page",
                    "href": "https://www.hktlora.com/contact/"
                },
                {
                    "text": "Edit Page",
                    "href": "https://www.hktlora.com/wp-admin/post.php?action=edit&post=57"
                }
            ],
            "full_text": "Contact (View Page | Edit Page)"
        },
        "Submitted By": "Not a registered user"
    },
    "dingding": {
        "id": "ztm09NDYup",
        "编号": "3959"
    }
}