{
    "form_submission": {
        "First Name": "Harsh",
        "Last Name": "Kumar Mishra",
        "Email Address": "harshmishrabit@gmail.com",
        "WhatsApp/Phone NO.": "7905470274",
        "Country": "India",
        "Postcode": "201301",
        "Message": "An ardent and hardworking learner, excited to have the opportunity to fulfill my potential in an internationally competitive environment, demonstrate my technical skills and apply my knowledge to the organization’s growth.",
        "Date of Submission": "2023-09-15 01:37:29"
    },
    "extra_information": {
        "Submitted On": {
            "links": [
                {
                    "text": "View Page",
                    "href": "https://www.hktlora.com/contact/"
                },
                {
                    "text": "Edit Page",
                    "href": "https://www.hktlora.com/wp-admin/post.php?action=edit&post=57"
                }
            ],
            "full_text": "Contact (View Page | Edit Page)"
        },
        "Submitted By": "Not a registered user"
    },
    "dingding": {
        "id": "YsLjAdPJXb",
        "编号": "4004"
    }
}