{
    "form_submission": {
        "Name": "Masoncep",
        "Comapny": "kaenquirynicholls@gmail.com",
        "Email Address": "kaenquirynicholls@gmail.com",
        "Country": "United kingdom",
        "Message": "Hi, მინდოდა ვიცოდე თქვენი ფასი.",
        "Date of Submission": "2024-02-14 13:40:39"
    },
    "extra_information": {
        "Submitted On": {
            "links": [
                {
                    "text": "View Page",
                    "href": "https://www.hktlora.com/"
                },
                {
                    "text": "Edit Page",
                    "href": "https://www.hktlora.com/wp-admin/post.php?action=edit&post=46"
                }
            ],
            "full_text": "Home (View Page | Edit Page)"
        },
        "Submitted By": "Not a registered user"
    },
    "dingding": {
        "id": "DpYizMD1kP",
        "编号": "4570"
    }
}