{
    "form_submission": {
        "First Name": "ganesh",
        "Last Name": "mahawar",
        "Email Address": "GFOPURCHASE@GMAIL.COM",
        "WhatsApp/Phone NO.": "9610660044",
        "Country": "India",
        "Postcode": "122006",
        "Message": "i have required 10K nos every months.",
        "Date of Submission": "2023-09-08 16:37:36"
    },
    "extra_information": {
        "Submitted On": {
            "links": [
                {
                    "text": "View Page",
                    "href": "https://www.hktlora.com/contact/"
                },
                {
                    "text": "Edit Page",
                    "href": "https://www.hktlora.com/wp-admin/post.php?action=edit&post=57"
                }
            ],
            "full_text": "Contact (View Page | Edit Page)"
        },
        "Submitted By": "Not a registered user"
    },
    "dingding": {
        "id": "sykRQdiCiR",
        "编号": "3992"
    }
}