{
    "form_submission": {
        "First Name": "Lincoln",
        "Last Name": "Lunn",
        "Email Address": "lunn.lincoln@msn.com",
        "WhatsApp/Phone NO.": "02.74.40.74.77",
        "Country": "France",
        "Postcode": "",
        "Message": "want to get an alert when your website is down? then signup to our 24on7 web monitor - it's absolutely free! visit https://t.ly/HM1Fg?hktlora.com for more info",
        "Date of Submission": "2023-10-23 10:46:38"
    },
    "extra_information": {
        "Submitted On": {
            "links": [
                {
                    "text": "View Page",
                    "href": "https://www.hktlora.com/contact/"
                },
                {
                    "text": "Edit Page",
                    "href": "https://www.hktlora.com/wp-admin/post.php?action=edit&post=57"
                }
            ],
            "full_text": "Contact (View Page | Edit Page)"
        },
        "Submitted By": "Not a registered user"
    },
    "dingding": {
        "id": "cf2sibnF53",
        "编号": "4142"
    }
}