{
    "form_submission": {
        "Name": "Luis Madriles",
        "Email": "luismad1@gmail.com",
        "Country": "Guatemala",
        "Message": "I want to know about micro circuit breaker LoRa solution",
        "Date of Submission": "2024-02-09 12:04:29"
    },
    "extra_information": {
        "Submitted On": {
            "links": [
                {
                    "text": "View Page",
                    "href": "https://www.hktlora.com/?elementor_library=float-forms"
                },
                {
                    "text": "Edit Page",
                    "href": "https://www.hktlora.com/wp-admin/post.php?action=edit&post=2390"
                }
            ],
            "full_text": "Quote (View Page | Edit Page)"
        },
        "Submitted By": "Not a registered user"
    },
    "dingding": {
        "id": "XbiMNtDg8T",
        "编号": "4559"
    }
}