{
    "form_submission": {
        "First Name": "Margaret Anderson",
        "Last Name": "margaret@theforbesus.com",
        "Email Address": "margaret@theforbesus.com",
        "WhatsApp/Phone NO.": "7247611803",
        "Country": "United States",
        "Postcode": "16101",
        "Message": "Hello, Your article is approved, you can read it https://metapress.com/lorawan-smart-watch-facilitating-real-time-healthcare-with-iot-technology/ linking to your website hktlora.com It's great to see you're focusing on the guest blogging approach, which is something we do all the time. Our organization specializes in guest post outreach services. We can assist you in writing more guest articles like the one you just read. If you are interested, please let us know and we will proceed from there. If you do not manage this, please forward this email to your marketing agency. Thanks Margaret Anderson https://theforbesus.com/ Whatsapp Support: +1 724 761 1803 Reply with NO for removal",
        "Date of Submission": "2023-09-04 17:34:34"
    },
    "extra_information": {
        "Submitted On": {
            "links": [
                {
                    "text": "View Page",
                    "href": "https://www.hktlora.com/contact/"
                },
                {
                    "text": "Edit Page",
                    "href": "https://www.hktlora.com/wp-admin/post.php?action=edit&post=57"
                }
            ],
            "full_text": "Contact (View Page | Edit Page)"
        },
        "Submitted By": "Not a registered user"
    },
    "dingding": {
        "id": "HydqyaE6hO",
        "编号": "3981"
    }
}