{
    "form_submission": {
        "Name": "DAVID DUGAN",
        "Email": "david.dugan@live.co.uk",
        "WhatsApp": "07843470801",
        "Country": "NORTHERN IRELAND",
        "Message": "Good morning, Would you please give me a delivered price for these prducts and the quantity that would need to be ordered? Thanks David Seymour Dugan Interiors",
        "Date of Submission": "2022-12-21 19:29:46"
    },
    "extra_information": {
        "Submitted On": {
            "links": [
                {
                    "text": "View Page",
                    "href": "https://www.hktlora.com/?elementor_library=elementor-single-product-248"
                },
                {
                    "text": "Edit Page",
                    "href": "https://www.hktlora.com/wp-admin/post.php?action=edit&post=248"
                }
            ],
            "full_text": "Elementor Single Product #248 (View Page | Edit Page)"
        },
        "Submitted By": "Not a registered user"
    },
    "dingding": {
        "id": "ze4nRQmSpC",
        "编号": "1303"
    }
}