{
    "form_submission": {
        "First Name": "James",
        "Last Name": "Kingsford",
        "Email Address": "kingsford.carrol@hotmail.com",
        "WhatsApp/Phone NO.": "9928542670",
        "Country": "Sweden",
        "Postcode": "",
        "Message": "Discover our latest research findings based on continuous SEO feedback from our strategies: Visit https://alwaysdigital.co/ls/ to explore the impact of the new Semrush Backlinks on boosting the SEO trend of your website instantly. Our approach is straightforward – we create links from domains with a substantial number of ranking keywords. Forget about conventional SEO metrics and other factors touted by numerous tools. The most valuable link is one from a website with a robust trend and numerous ranking keywords. To delve into the details, visit https://alwaysdigital.co/ls/. It's a cost-effective solution. Give it a try soon! P.S: We are also experts in web development. Click here for more details: https://outsource-bpo.com/website/",
        "Date of Submission": "2023-12-15 05:48:43"
    },
    "extra_information": {
        "Submitted On": {
            "links": [
                {
                    "text": "View Page",
                    "href": "https://www.hktlora.com/contact/"
                },
                {
                    "text": "Edit Page",
                    "href": "https://www.hktlora.com/wp-admin/post.php?action=edit&post=57"
                }
            ],
            "full_text": "Contact (View Page | Edit Page)"
        },
        "Submitted By": "Not a registered user"
    },
    "dingding": {
        "id": "I9hD3u1F9F",
        "编号": "4386"
    }
}