{
    "form_submission": {
        "First Name": "Diana",
        "Last Name": "Cruz",
        "Email Address": "dianacruz.mkt@gmail.com",
        "WhatsApp/Phone NO.": "1234567890",
        "Country": "Belgium",
        "Postcode": "",
        "Message": "\"Are you looking affordable quote to improve the performance, google impressions and rankings as well as fix errors to your website -hktlora.com\"",
        "Date of Submission": "2023-11-22 18:07:53"
    },
    "extra_information": {
        "Submitted On": {
            "links": [
                {
                    "text": "View Page",
                    "href": "https://www.hktlora.com/contact/"
                },
                {
                    "text": "Edit Page",
                    "href": "https://www.hktlora.com/wp-admin/post.php?action=edit&post=57"
                }
            ],
            "full_text": "Contact (View Page | Edit Page)"
        },
        "Submitted By": "Not a registered user"
    },
    "dingding": {
        "id": "eEahTE361d",
        "编号": "4302"
    }
}