{
    "form_submission": {
        "First Name": "Diwakar",
        "Last Name": "Sharma",
        "Email Address": "sales@megatradelinks.com",
        "WhatsApp/Phone NO.": "+91-9922924946",
        "Country": "India",
        "Postcode": "411038",
        "Message": "Mega Trade Links established in 2011 , is an industrial automation company representing companies like Baumer, Becker, Bizerba , delphin etc to offer industrial automation solutions . We will be requiring sensors and automation products for IIOT applications. please share your product catalogue with price list",
        "Date of Submission": "2023-12-06 19:04:38"
    },
    "extra_information": {
        "Submitted On": {
            "links": [
                {
                    "text": "View Page",
                    "href": "https://www.hktlora.com/distributor/"
                },
                {
                    "text": "Edit Page",
                    "href": "https://www.hktlora.com/wp-admin/post.php?action=edit&post=389"
                }
            ],
            "full_text": "Distributor (View Page | Edit Page)"
        },
        "Submitted By": "Not a registered user"
    },
    "dingding": {
        "id": "DSH9TsEKFK",
        "编号": "4369"
    }
}