{
    "form_submission": {
        "First Name": "Stefano",
        "Last Name": "GAMBERONI",
        "Email Address": "stefano@resiot.io",
        "WhatsApp/Phone NO.": "3403194005",
        "Country": "Italy",
        "Postcode": "21025",
        "Message": "Hello, we need a quote for No. 10 units of your HKT GT-100. Do you have any distributor in Europe? Best regards, Stefano",
        "Date of Submission": "2023-09-20 13:33:31"
    },
    "extra_information": {
        "Submitted On": {
            "links": [
                {
                    "text": "View Page",
                    "href": "https://www.hktlora.com/contact/"
                },
                {
                    "text": "Edit Page",
                    "href": "https://www.hktlora.com/wp-admin/post.php?action=edit&post=57"
                }
            ],
            "full_text": "Contact (View Page | Edit Page)"
        },
        "Submitted By": "Not a registered user"
    },
    "dingding": {
        "id": "2vTDOOXSsO",
        "编号": "4012"
    }
}