{
    "form_submission": {
        "Name": "Kieran Cunningham",
        "Email": "kieranc5000@gmail.com",
        "WhatsApp": "353833344316",
        "Country": "Ireland",
        "Message": "260cm x180cm walnut wood panels",
        "Date of Submission": "2023-02-08 15:59:05"
    },
    "extra_information": {
        "Submitted On": {
            "links": [
                {
                    "text": "View Page",
                    "href": "https://www.hktlora.com/?elementor_library=elementor-single-product-248"
                },
                {
                    "text": "Edit Page",
                    "href": "https://www.hktlora.com/wp-admin/post.php?action=edit&post=248"
                }
            ],
            "full_text": "Elementor Single Product #248 (View Page | Edit Page)"
        },
        "Submitted By": "Not a registered user"
    },
    "dingding": {
        "id": "DlsuMpJ0zD",
        "编号": "1489"
    }
}