{
    "form_submission": {
        "Name": "justin bieber",
        "Email": "im.chen.jun@outlook.com",
        "Country": "中国",
        "Message": "etst",
        "Date of Submission": "2023-06-29 18:22:07"
    },
    "extra_information": {
        "Submitted On": {
            "links": [
                {
                    "text": "View Page",
                    "href": "https://www.hktlora.com/?elementor_library=float-forms"
                },
                {
                    "text": "Edit Page",
                    "href": "https://www.hktlora.com/wp-admin/post.php?action=edit&post=2390"
                }
            ],
            "full_text": "Quote (View Page | Edit Page)"
        },
        "Submitted By": {
            "links": [
                {
                    "text": "View User Profiile",
                    "href": "https://www.hktlora.com/wp-admin/user-edit.php?user_id=1"
                },
                {
                    "text": "View 10 more submissions by this user",
                    "href": null
                }
            ],
            "full_text": "ehaitech (View User Profiile | View 10 more submissions by this user)"
        }
    },
    "dingding": {
        "id": "sY1uPlLHQr",
        "编号": "3373"
    }
}