{
    "form_submission": {
        "Name": "ABDEL AHMED BELATOUI",
        "Email": "direction@openclick.fr",
        "Country": "France",
        "Message": "Good morning I would like to have a quote for 200 GPS THANKS",
        "Date of Submission": "2023-09-25 20:36:17"
    },
    "extra_information": {
        "Submitted On": {
            "links": [
                {
                    "text": "View Page",
                    "href": "https://www.hktlora.com/?elementor_library=float-forms"
                },
                {
                    "text": "Edit Page",
                    "href": "https://www.hktlora.com/wp-admin/post.php?action=edit&post=2390"
                }
            ],
            "full_text": "Quote (View Page | Edit Page)"
        },
        "Submitted By": "Not a registered user"
    },
    "dingding": {
        "id": "Ia3vFOKrc3",
        "编号": "4035"
    }
}