{
    "form_submission": {
        "Name": "Cagdas Genc",
        "Email": "cagdas.genc@gdtelektronik.com",
        "Country": "Turkey",
        "Message": "Could you share more detailed technical document please. I want to understand whether we can integrate your sensors into our Lorawan system, and then I will also want to talk about commercial issues.",
        "Date of Submission": "2023-10-04 22:45:04"
    },
    "extra_information": {
        "Submitted On": {
            "links": [
                {
                    "text": "View Page",
                    "href": "https://www.hktlora.com/?elementor_library=float-forms"
                },
                {
                    "text": "Edit Page",
                    "href": "https://www.hktlora.com/wp-admin/post.php?action=edit&post=2390"
                }
            ],
            "full_text": "Quote (View Page | Edit Page)"
        },
        "Submitted By": "Not a registered user"
    },
    "dingding": {
        "id": "aNH4gLxrPE",
        "编号": "4055"
    }
}