{
    "form_submission": {
        "Name": "Muhammad Salman",
        "Email": "msalman.official17@gmail.com",
        "Country": "Malaysia",
        "Message": "We are interested in your product pls contact us thanks",
        "Date of Submission": "2024-01-25 16:38:27"
    },
    "extra_information": {
        "Submitted On": {
            "links": [
                {
                    "text": "View Page",
                    "href": "https://www.hktlora.com/?elementor_library=float-forms"
                },
                {
                    "text": "Edit Page",
                    "href": "https://www.hktlora.com/wp-admin/post.php?action=edit&post=2390"
                }
            ],
            "full_text": "Quote (View Page | Edit Page)"
        },
        "Submitted By": "Not a registered user"
    },
    "dingding": {
        "id": "BjEOiNMvzr",
        "编号": "4526"
    }
}