{
    "form_submission": {
        "Name": "Rahul pagar",
        "Email": "rahularunaa@gmail.com",
        "Country": "India",
        "Message": "I would like to know the price of 1 smoke detector",
        "Date of Submission": "2023-08-28 15:28:21"
    },
    "extra_information": {
        "Submitted On": {
            "links": [
                {
                    "text": "View Page",
                    "href": "https://www.hktlora.com/?elementor_library=float-forms"
                },
                {
                    "text": "Edit Page",
                    "href": "https://www.hktlora.com/wp-admin/post.php?action=edit&post=2390"
                }
            ],
            "full_text": "Quote (View Page | Edit Page)"
        },
        "Submitted By": "Not a registered user"
    },
    "dingding": {
        "id": "yrSywsXF1m",
        "编号": "3958"
    }
}