{
    "form_submission": {
        "Name": "Stefano GAMBERONI",
        "Email": "stefano@resiot.io",
        "Country": "Italia",
        "Message": "Hello, I need a quota for No. 10 LoRaWAN trackers (HKT GT-100). The use case is for people tracking inside a natural park. Looking forward to hear from you. Best regards, Stefano",
        "Date of Submission": "2023-09-18 15:59:30"
    },
    "extra_information": {
        "Submitted On": {
            "links": [
                {
                    "text": "View Page",
                    "href": "https://www.hktlora.com/?elementor_library=float-forms"
                },
                {
                    "text": "Edit Page",
                    "href": "https://www.hktlora.com/wp-admin/post.php?action=edit&post=2390"
                }
            ],
            "full_text": "Quote (View Page | Edit Page)"
        },
        "Submitted By": "Not a registered user"
    },
    "dingding": {
        "id": "mQEvX9DaLV",
        "编号": "4010"
    }
}