{
    "form_submission": {
        "Name": "Igor Guida",
        "Email": "igor.guida@pedagogia.it",
        "Country": "Italia",
        "Message": "Dear Sir, we are evauleting products like yours LoRaWAN Smart Watch, what I need to know about yours is: is it possible to customize firmware? from menu with different languages or our logo or the ability to put in deep sleep mode Bluetooth or other components. Is your smartwatch certifid for Europian Union? Thanks a lot Best Regards",
        "Date of Submission": "2024-02-03 18:02:38"
    },
    "extra_information": {
        "Submitted On": {
            "links": [
                {
                    "text": "View Page",
                    "href": "https://www.hktlora.com/?elementor_library=float-forms"
                },
                {
                    "text": "Edit Page",
                    "href": "https://www.hktlora.com/wp-admin/post.php?action=edit&post=2390"
                }
            ],
            "full_text": "Quote (View Page | Edit Page)"
        },
        "Submitted By": "Not a registered user"
    },
    "dingding": {
        "id": "uXE8rECeIz",
        "编号": "4542"
    }
}