{
    "form_submission": {
        "Name": "Tobiasgap",
        "Comapny": "no.reply.GustavoClaes@gmail.com",
        "Email Address": "no.reply.GustavoClaes@gmail.com",
        "Country": "Poland",
        "Message": "Salutations! hktlora.com Did you know that it is possible to send business proposals that are completely legal? We present a new and legal way of sending messages through feedback forms. These feedback forms can be seen on a host of websites. When such appeals are sent, no personal data is used, and messages are sent to forms specifically designed to receive messages and appeals securely. Messages that are sent with the help of Feedback Forms are not viewed as spam since they are seen as important. We provide you with the opportunity to test our service free of charge. We will dispatch up to 50,000 messages for you. The cost of sending one million messages is $59. This offer is automatically generated. Please use the contact details below to get in touch with us. Contact us. Telegram - https://t.me/FeedbackFormEU Skype live:feedbackform2019 WhatsApp +375259112693 WhatsApp https://wa.me/+375259112693 We only use chat for communication.",
        "Date of Submission": "2024-01-19 08:03:53"
    },
    "extra_information": {
        "Submitted On": {
            "links": [
                {
                    "text": "View Page",
                    "href": "https://www.hktlora.com/"
                },
                {
                    "text": "Edit Page",
                    "href": "https://www.hktlora.com/wp-admin/post.php?action=edit&post=46"
                }
            ],
            "full_text": "Home (View Page | Edit Page)"
        },
        "Submitted By": "Not a registered user"
    },
    "dingding": {
        "id": "PtcuF2HyMN",
        "编号": "4504"
    }
}