{
    "form_submission": {
        "First Name": "Horacio",
        "Last Name": "Reyes",
        "Email Address": "horacioreyes@gmail.com",
        "WhatsApp/Phone NO.": "4421281586",
        "Country": "Mexico",
        "Postcode": "76230",
        "Message": "I just ask a quotation for lorawan water meter sensor mod ML-107G. Either 1 or 1000 it seems that this model needs an antena. Can you quote the hole kit please?",
        "Date of Submission": "2023-11-24 06:35:14"
    },
    "extra_information": {
        "Submitted On": {
            "links": [
                {
                    "text": "View Page",
                    "href": "https://www.hktlora.com/contact/"
                },
                {
                    "text": "Edit Page",
                    "href": "https://www.hktlora.com/wp-admin/post.php?action=edit&post=57"
                }
            ],
            "full_text": "Contact (View Page | Edit Page)"
        },
        "Submitted By": "Not a registered user"
    },
    "dingding": {
        "id": "Zdi5qhpxhL",
        "编号": "4310"
    }
}