{
    "form_submission": {
        "First Name": "Victor",
        "Last Name": "Blavo",
        "Email Address": "victor@lunoid.co",
        "WhatsApp/Phone NO.": "+233550880119",
        "Country": "Ghana",
        "Postcode": "GA080",
        "Message": "Dear HKTlora, I am reaching out to discuss a significant opportunity that has arisen from our collaboration with the Nigerian government. We have secured a contract to develop a comprehensive fire service management system. A critical component of this project is the legislative mandate requiring all households and businesses to equip themselves with smart smoke detectors that integrate seamlessly with our Fire Service System. To actualize this vision, we are tasked with deploying a widespread LoRaWAN network across Nigeria. This initiative will not only enhance public safety but also pave the way for a broader adoption of IoT solutions in the country. We are in a unique position to leverage government-owned towers for our gateway installations, ensuring extensive coverage and reliability. Our role in this venture extends beyond network deployment. We will also be responsible for sourcing and distributing the smoke detectors directly to consumers, creating a streamlined and efficient process for compliance with the new law. Given the scale and impact of this project, we are actively seeking partners to join us in this endeavor. Collaboration could include technological support, device provision, or investment in infrastructure. This partnership offers a chance to be at the forefront of Nigeria's IoT revolution, underpinned by a strong commitment from the government and guaranteed market demand through legislative support. If your organization is interested in exploring this opportunity further, I would be delighted to discuss how we can work together to make this project a success. Please feel free to contact me at your earliest convenience to set up a meeting. Looking forward to the possibility of collaborating with you on this transformative project. Best regards,",
        "Date of Submission": "2024-02-16 01:51:21"
    },
    "extra_information": {
        "Submitted On": {
            "links": [
                {
                    "text": "View Page",
                    "href": "https://www.hktlora.com/contact/"
                },
                {
                    "text": "Edit Page",
                    "href": "https://www.hktlora.com/wp-admin/post.php?action=edit&post=57"
                }
            ],
            "full_text": "Contact (View Page | Edit Page)"
        },
        "Submitted By": "Not a registered user"
    },
    "dingding": {
        "id": "CgCtjxxDFS",
        "编号": "4573"
    }
}