{
    "form_submission": {
        "Name": "Basit mir",
        "Email": "basitmeer32@gmail.com",
        "Country": "India",
        "Message": "I have to start a smartwatch bussiness i need a prototype i will give you the idea (design concept) of product i need and also you have to branding my product once i receive the prototype i will make a big order.",
        "Date of Submission": "2023-09-05 21:52:36"
    },
    "extra_information": {
        "Submitted On": {
            "links": [
                {
                    "text": "View Page",
                    "href": "https://www.hktlora.com/?elementor_library=float-forms"
                },
                {
                    "text": "Edit Page",
                    "href": "https://www.hktlora.com/wp-admin/post.php?action=edit&post=2390"
                }
            ],
            "full_text": "Quote (View Page | Edit Page)"
        },
        "Submitted By": "Not a registered user"
    },
    "dingding": {
        "id": "RBiKRjMsuM",
        "编号": "3985"
    }
}