{
    "form_submission": {
        "Name": "Gianluca Paladino Salaverria",
        "Email": "jamartinlopez1199@gmail.com",
        "Country": "España",
        "Message": "Hello, I was interested in buying one of your watches. For more information, I would like to know how is the technical process to link it with the LORA network. Since we have had problems with the initial configuration of another watch on the market, the J3 from iSmarch, I would like to know how to set it up.",
        "Date of Submission": "2023-11-02 15:24:20"
    },
    "extra_information": {
        "Submitted On": {
            "links": [
                {
                    "text": "View Page",
                    "href": "https://www.hktlora.com/?elementor_library=float-forms"
                },
                {
                    "text": "Edit Page",
                    "href": "https://www.hktlora.com/wp-admin/post.php?action=edit&post=2390"
                }
            ],
            "full_text": "Quote (View Page | Edit Page)"
        },
        "Submitted By": "Not a registered user"
    },
    "dingding": {
        "id": "IhkYc1AofD",
        "编号": "4227"
    }
}