{
    "form_submission": {
        "Name": "Anu Kala",
        "Email": "anuradhakala02@gmail.com",
        "Country": "Canada",
        "Message": "Quote request",
        "Date of Submission": "2024-02-14 01:47:33"
    },
    "extra_information": {
        "Submitted On": {
            "links": [
                {
                    "text": "View Page",
                    "href": "https://www.hktlora.com/?elementor_library=float-forms"
                },
                {
                    "text": "Edit Page",
                    "href": "https://www.hktlora.com/wp-admin/post.php?action=edit&post=2390"
                }
            ],
            "full_text": "Quote (View Page | Edit Page)"
        },
        "Submitted By": "Not a registered user"
    },
    "dingding": {
        "id": "xIgK3WRjXh",
        "编号": "4569"
    }
}