{
    "form_submission": {
        "Name": "inonryHone",
        "Comapny": "6y1ecpod@yahoo.com",
        "Email Address": "6y1ecpod@yahoo.com",
        "Country": "Madagascar",
        "Message": "Hi, this is Irina. I am sending you my intimate photos as I promised. https://tinyurl.com/yqm5rnph",
        "Date of Submission": "2024-01-30 22:30:21"
    },
    "extra_information": {
        "Submitted On": {
            "links": [
                {
                    "text": "View Page",
                    "href": "https://www.hktlora.com/"
                },
                {
                    "text": "Edit Page",
                    "href": "https://www.hktlora.com/wp-admin/post.php?action=edit&post=46"
                }
            ],
            "full_text": "Home (View Page | Edit Page)"
        },
        "Submitted By": "Not a registered user"
    },
    "dingding": {
        "id": "CEhlA0EETP",
        "编号": "4534"
    }
}