{
    "form_submission": {
        "Name": "Thananan Numatti",
        "Email": "Feedback2016@gmail.com",
        "Country": "Thailand",
        "Message": "Your product can send to external server or not -can open source or not",
        "Date of Submission": "2023-10-24 12:41:35"
    },
    "extra_information": {
        "Submitted On": {
            "links": [
                {
                    "text": "View Page",
                    "href": "https://www.hktlora.com/?elementor_library=float-forms"
                },
                {
                    "text": "Edit Page",
                    "href": "https://www.hktlora.com/wp-admin/post.php?action=edit&post=2390"
                }
            ],
            "full_text": "Quote (View Page | Edit Page)"
        },
        "Submitted By": "Not a registered user"
    },
    "dingding": {
        "id": "C8SieV0M3w",
        "编号": "4146"
    }
}