{
    "form_submission": {
        "First Name": "Nurmash",
        "Last Name": "Buzaubayev",
        "Email Address": "buznur@gmail.com",
        "WhatsApp/Phone NO.": "+77010812024",
        "Country": "Kazakhstan",
        "Postcode": "",
        "Message": "Hi, my name is Nurmash. I am from Kazakhstan. We are interested in the LoRaWAN Multi-Flow Smart Water Meter Dry Type(Valve Controlled). Is it possible to get price quotation and MOQ? BR, Nurmash",
        "Date of Submission": "2024-01-10 23:34:00"
    },
    "extra_information": {
        "Submitted On": {
            "links": [
                {
                    "text": "View Page",
                    "href": "https://www.hktlora.com/contact/"
                },
                {
                    "text": "Edit Page",
                    "href": "https://www.hktlora.com/wp-admin/post.php?action=edit&post=57"
                }
            ],
            "full_text": "Contact (View Page | Edit Page)"
        },
        "Submitted By": "Not a registered user"
    },
    "dingding": {
        "id": "SBG7uHz0xi",
        "编号": "4461"
    }
}