{
    "form_submission": {
        "First Name": "ZAHER",
        "Last Name": "ALNABULSI",
        "Email Address": "ZAHER@GSTTECHNOLOGY.AE",
        "WhatsApp/Phone NO.": "+971564606076",
        "Country": "United Arab Emirates",
        "Postcode": "",
        "Message": "",
        "Date of Submission": "2023-11-24 19:32:36"
    },
    "extra_information": {
        "Submitted On": {
            "links": [
                {
                    "text": "View Page",
                    "href": "https://www.hktlora.com/contact/"
                },
                {
                    "text": "Edit Page",
                    "href": "https://www.hktlora.com/wp-admin/post.php?action=edit&post=57"
                }
            ],
            "full_text": "Contact (View Page | Edit Page)"
        },
        "Submitted By": "Not a registered user"
    },
    "dingding": {
        "id": "J0GCUEQVqe",
        "编号": "4320"
    }
}