{
    "form_submission": {
        "First Name": "Akhil",
        "Last Name": "Kudalkar",
        "Email Address": "akudalkar007@gmail.com",
        "WhatsApp/Phone NO.": "9028403480",
        "Country": "India",
        "Postcode": "401101",
        "Message": "",
        "Date of Submission": "2023-09-02 00:51:09"
    },
    "extra_information": {
        "Submitted On": {
            "links": [
                {
                    "text": "View Page",
                    "href": "https://www.hktlora.com/contact/"
                },
                {
                    "text": "Edit Page",
                    "href": "https://www.hktlora.com/wp-admin/post.php?action=edit&post=57"
                }
            ],
            "full_text": "Contact (View Page | Edit Page)"
        },
        "Submitted By": "Not a registered user"
    },
    "dingding": {
        "id": "tiZO4TdyKR",
        "编号": "3973"
    }
}