{
    "form_submission": {
        "First Name": "Bao",
        "Last Name": "Pham",
        "Email Address": "bao.pham@seltec.io",
        "WhatsApp/Phone NO.": "+84986672018",
        "Country": "Vietnam",
        "Postcode": "70000",
        "Message": "Hi there! I am Seltec's engineer. I am looking for smart doorlock using lora connection in order to integrate to our system. I found this lock https://www.hktlora.com/product/lorawan-smart-door-lock . So, I want to know how to order it and get some information about lora data frame. Could you share me?",
        "Date of Submission": "2023-12-06 11:33:08"
    },
    "extra_information": {
        "Submitted On": {
            "links": [
                {
                    "text": "View Page",
                    "href": "https://www.hktlora.com/contact/"
                },
                {
                    "text": "Edit Page",
                    "href": "https://www.hktlora.com/wp-admin/post.php?action=edit&post=57"
                }
            ],
            "full_text": "Contact (View Page | Edit Page)"
        },
        "Submitted By": "Not a registered user"
    },
    "dingding": {
        "id": "l8sVj6Lve0",
        "编号": "4366"
    }
}