{
    "form_submission": {
        "First Name": "James",
        "Last Name": "Preston",
        "Email Address": "james@intuitive.works",
        "WhatsApp/Phone NO.": "+27833263974",
        "Country": "South Africa",
        "Postcode": "2196",
        "Message": "Hi, I would like to enquire about an OEM service for a Lorawan PIR sensor, thank you, James",
        "Date of Submission": "2023-10-30 08:33:50"
    },
    "extra_information": {
        "Submitted On": {
            "links": [
                {
                    "text": "View Page",
                    "href": "https://www.hktlora.com/distributor/"
                },
                {
                    "text": "Edit Page",
                    "href": "https://www.hktlora.com/wp-admin/post.php?action=edit&post=389"
                }
            ],
            "full_text": "Distributor (View Page | Edit Page)"
        },
        "Submitted By": "Not a registered user"
    },
    "dingding": {
        "id": "jV8zDyl14W",
        "编号": "4215"
    }
}