{
    "form_submission": {
        "First Name": "Sammy",
        "Last Name": "Fay",
        "Email Address": "fay.wilhemina@googlemail.com",
        "WhatsApp/Phone NO.": "0551168662",
        "Country": "Australia",
        "Postcode": "",
        "Message": "Affordable Website Design with High Quality. Receive a complimentary quote for Free Web Designing, including a 5-page website with Free Flash, Contact Forms, and a basic Logo, all backed by our satisfaction guarantee. Enjoy UNLIMITED revisions for the prototype, Free basic SEO, and adherence to W3C standards. Our Corporate, Business, and Informational website package is priced at $80 and will be completed within 4 days. Trust us to create your online store, with packages starting at $150. Benefit from our development center in Bangalore, offering the highest expertise at the lowest cost. Contact us NOW for more information. https://outsource-bpo.com/website/ We also do Monthly SEO Services at https://digitalpromax.co/la/",
        "Date of Submission": "2024-01-20 13:28:59"
    },
    "extra_information": {
        "Submitted On": {
            "links": [
                {
                    "text": "View Page",
                    "href": "https://www.hktlora.com/contact/"
                },
                {
                    "text": "Edit Page",
                    "href": "https://www.hktlora.com/wp-admin/post.php?action=edit&post=57"
                }
            ],
            "full_text": "Contact (View Page | Edit Page)"
        },
        "Submitted By": "Not a registered user"
    },
    "dingding": {
        "id": "IPjyDEluDz",
        "编号": "4513"
    }
}