{
    "form_submission": {
        "First Name": "Mr",
        "Last Name": "Tanweer",
        "Email Address": "mrtanweer124@gmail.com",
        "WhatsApp/Phone NO.": "+971508849100",
        "Country": "UAE",
        "Postcode": "00000",
        "Message": "I need some product OK dear that's why I do texting OK dear",
        "Date of Submission": "2023-11-10 09:41:51"
    },
    "extra_information": {
        "Submitted On": {
            "links": [
                {
                    "text": "View Page",
                    "href": "https://www.hktlora.com/contact/"
                },
                {
                    "text": "Edit Page",
                    "href": "https://www.hktlora.com/wp-admin/post.php?action=edit&post=57"
                }
            ],
            "full_text": "Contact (View Page | Edit Page)"
        },
        "Submitted By": "Not a registered user"
    },
    "dingding": {
        "id": "hHBA4rszjy",
        "编号": "4247"
    }
}