{
    "form_submission": {
        "Name": "Aristóteles Ferreira",
        "Email": "aristotelesferreira9@gmail.com",
        "Country": "Brasil",
        "Message": "Hi, I want know more about LoRaWAN GPS Cattle Tracker: - Price - Distance - It’s possível to tracker around 40km?",
        "Date of Submission": "2023-09-20 23:20:39"
    },
    "extra_information": {
        "Submitted On": {
            "links": [
                {
                    "text": "View Page",
                    "href": "https://www.hktlora.com/?elementor_library=float-forms"
                },
                {
                    "text": "Edit Page",
                    "href": "https://www.hktlora.com/wp-admin/post.php?action=edit&post=2390"
                }
            ],
            "full_text": "Quote (View Page | Edit Page)"
        },
        "Submitted By": "Not a registered user"
    },
    "dingding": {
        "id": "2KBMvr0mgy",
        "编号": "4022"
    }
}