{
    "form_submission": {
        "Name": "test Email",
        "Email": "test@email.com",
        "Country": "1111111",
        "Message": "1111111",
        "Date of Submission": "2023-09-06 16:05:29"
    },
    "extra_information": {
        "Submitted On": {
            "links": [
                {
                    "text": "View Page",
                    "href": "https://www.hktlora.com/?elementor_library=float-forms"
                },
                {
                    "text": "Edit Page",
                    "href": "https://www.hktlora.com/wp-admin/post.php?action=edit&post=2390"
                }
            ],
            "full_text": "Quote (View Page | Edit Page)"
        },
        "Submitted By": "Not a registered user"
    },
    "dingding": {
        "id": "YmZn4Phm1k",
        "编号": "3988"
    }
}