{
    "form_submission": {
        "Name": "MikhailRE",
        "Comapny": "yourmail@gmail.com",
        "Email Address": "yourmail@gmail.com",
        "Country": "",
        "Message": "Hello. I will increase traffic and profitability of the site, and also solve all the problems existing on the site. Moreover, the increase in traffic will be due to the influx of targeted visitors from search engines, which is the most profitable and promising for you. A little information about yourself. I am a specialist in the field of creation, improving and promotion of websites. I also have knowledge and experience in a number of related fields. Work experience is more than 19 years. I always do quality work. Prices are moderate. The main areas of my activity: creating websites, improving websites and correcting errors, promoting websites in search engines, setting up advertising campaigns in contextual advertising services, various types of mass mailings (they give a good one-time influx of sales), working with reviews on the Internet. I also create, refine and promote groups and channels on social networks (YouTube, Instagram, Telegram and others). Write to my email: mikhailrs.seo@gmail.com -------------------- Здравствуйте. Увеличу посещаемость и доходность сайта, а также решу все имеющиеся на сайте проблемы. Причем рост посещаемости будет идти за счет притока целевых посетителей из поисковых систем, что для вас максимально выгодно и перспективно. Немного информации о себе. Я являюсь специалистом в области создания, доработки и продвижения сайтов. Также имею знания и опыт в ряде смежных областей. Опыт работы составляет больше 19 лет. Работу всегда выполняю качественно. Цены умеренные. Основные направления моей деятельности: создание сайтов, улучшение сайтов и исправление ошибок, продвижение сайтов в поисковых системах, настройка рекламных кампаний в сервисах контекстной рекламы, различного рода массовые рассылки (дают хороший единоразовый приток продаж), работа с отзывами в интернете. Также занимаюсь озданием, доработкой и продвижением групп и каналов в социальных сетях (YouTube, Instagram, Telegram, VK и другие). Пишите на мою почту: mikhailrs.seo@gmail.com",
        "Date of Submission": "2023-12-08 02:38:57"
    },
    "extra_information": {
        "Submitted On": {
            "links": [
                {
                    "text": "View Page",
                    "href": "https://www.hktlora.com/"
                },
                {
                    "text": "Edit Page",
                    "href": "https://www.hktlora.com/wp-admin/post.php?action=edit&post=46"
                }
            ],
            "full_text": "Home (View Page | Edit Page)"
        },
        "Submitted By": "Not a registered user"
    },
    "dingding": {
        "id": "9AVS452KM7",
        "编号": "4371"
    }
}