{
    "form_submission": {
        "Name": "nileshshelke79@gmail.com",
        "Email": "nileshshelke79@gmail.com",
        "Country": "India",
        "Message": "25 lit per minute, DN 100",
        "Date of Submission": "2023-11-05 14:27:37"
    },
    "extra_information": {
        "Submitted On": {
            "links": [
                {
                    "text": "View Page",
                    "href": "https://www.hktlora.com/?elementor_library=float-forms"
                },
                {
                    "text": "Edit Page",
                    "href": "https://www.hktlora.com/wp-admin/post.php?action=edit&post=2390"
                }
            ],
            "full_text": "Quote (View Page | Edit Page)"
        },
        "Submitted By": "Not a registered user"
    },
    "dingding": {
        "id": "4xicdEfgud",
        "编号": "4231"
    }
}