{
    "form_submission": {
        "First Name": "Martin",
        "Last Name": "Seward",
        "Email Address": "martinseward@aol.com",
        "WhatsApp/Phone NO.": "0777419943",
        "Country": "UK",
        "Postcode": "Gu466PB",
        "Message": "Hello, I have just seen your LoraWAN device on the Helium discord page, a Cattle tracker. I am in the UK, very familiar with LoraWan, I am currently using Digital Matter Oyster3 trackers on Cattle with great results, the best devices I have found so far. I’d like to get in touch should you need any real life testing. I am certainly not in the market to purchase devices as I have enough devices for Cattle but could test. I’m also heavily involved with LoraWAN and distance sensors in Cattle water troughs and sensors, soil conditions via LoraWAN and also run many sensors inside the refrigerated vehicle sector from tracking to temperature measurement. My current work is with Dragino 4-20ma node and pressure transducers. Happy to help should you need. Kind regards Martin",
        "Date of Submission": "2024-01-10 00:52:12"
    },
    "extra_information": {
        "Submitted On": {
            "links": [
                {
                    "text": "View Page",
                    "href": "https://www.hktlora.com/distributor/"
                },
                {
                    "text": "Edit Page",
                    "href": "https://www.hktlora.com/wp-admin/post.php?action=edit&post=389"
                }
            ],
            "full_text": "Distributor (View Page | Edit Page)"
        },
        "Submitted By": "Not a registered user"
    },
    "dingding": {
        "id": "c8ug3ZufBj",
        "编号": "4457"
    }
}