{
    "form_submission": {
        "Name": "Shaik Ziauddin",
        "Email": "skzia2019@gmail.com",
        "Country": "India",
        "Message": "Price and would like to send sample pieces",
        "Date of Submission": "2023-10-08 22:58:58"
    },
    "extra_information": {
        "Submitted On": {
            "links": [
                {
                    "text": "View Page",
                    "href": "https://www.hktlora.com/?elementor_library=float-forms"
                },
                {
                    "text": "Edit Page",
                    "href": "https://www.hktlora.com/wp-admin/post.php?action=edit&post=2390"
                }
            ],
            "full_text": "Quote (View Page | Edit Page)"
        },
        "Submitted By": "Not a registered user"
    },
    "dingding": {
        "id": "RHH6G0pLUJ",
        "编号": "4063"
    }
}