{
    "form_submission": {
        "Name": "Tim Weinekötter",
        "Email": "tim.weinekoetter@outlook.de",
        "Country": "Switzerland",
        "Message": "Hi HKT Team, We are working on a catlle tracking Webapp and camparing some hardware solutions. Would it be possible to get a sample unit? kind regards, Tim Weinekötter",
        "Date of Submission": "2023-11-19 23:38:20"
    },
    "extra_information": {
        "Submitted On": {
            "links": [
                {
                    "text": "View Page",
                    "href": "https://www.hktlora.com/?elementor_library=float-forms"
                },
                {
                    "text": "Edit Page",
                    "href": "https://www.hktlora.com/wp-admin/post.php?action=edit&post=2390"
                }
            ],
            "full_text": "Quote (View Page | Edit Page)"
        },
        "Submitted By": "Not a registered user"
    },
    "dingding": {
        "id": "3BGVXQC2NT",
        "编号": "4285"
    }
}