{
    "form_submission": {
        "First Name": "Libby",
        "Last Name": "Evans",
        "Email Address": "libbyevans461@gmail.com",
        "WhatsApp/Phone NO.": "678-782-6177",
        "Country": "United States",
        "Postcode": "",
        "Message": "Hi there, We run an Instagram growth service, which increases your number of followers safely and practically. We aim to gain you 300-1000+ real human followers per month, with all actions safe as they are made manually (no bots). The price is just $60 (USD) per month, and we can start immediately. Let me know if you are interested and have any questions. Kind Regards, Libby",
        "Date of Submission": "2023-11-12 05:09:52"
    },
    "extra_information": {
        "Submitted On": {
            "links": [
                {
                    "text": "View Page",
                    "href": "https://www.hktlora.com/contact/"
                },
                {
                    "text": "Edit Page",
                    "href": "https://www.hktlora.com/wp-admin/post.php?action=edit&post=57"
                }
            ],
            "full_text": "Contact (View Page | Edit Page)"
        },
        "Submitted By": "Not a registered user"
    },
    "dingding": {
        "id": "LoZGcb3dRx",
        "编号": "4252"
    }
}