{
    "form_submission": {
        "Name": "Pawel Troczynski",
        "Email": "pawel.troczynski@promar.com.pl",
        "Country": "Polska",
        "Message": "Dear hktlora team, I am reaching out to inquire about the availability and pricing of your IAQ-1000 Air Quality Sensors. Availability: Could you please confirm the current stock availability for the IAQ-1000 sensors of 50 units? Additionally, provide information on any lead times or potential delays. Pricing: Kindly share the pricing details for the IAQ-1000 Air Quality Sensors, specifically for a quantity of 50 units. Include any volume discounts or applicable promotions, and specify if there are additional costs such as shipping fees or taxes. Your prompt response to these basic inquiries is highly appreciated, as it will greatly assist us in our decision-making process. Best Regards, Pawel",
        "Date of Submission": "2024-01-17 20:27:29"
    },
    "extra_information": {
        "Submitted On": {
            "links": [
                {
                    "text": "View Page",
                    "href": "https://www.hktlora.com/?elementor_library=float-forms"
                },
                {
                    "text": "Edit Page",
                    "href": "https://www.hktlora.com/wp-admin/post.php?action=edit&post=2390"
                }
            ],
            "full_text": "Quote (View Page | Edit Page)"
        },
        "Submitted By": "Not a registered user"
    },
    "dingding": {
        "id": "SGt58IFRsa",
        "编号": "4500"
    }
}