{
    "form_submission": {
        "Name": "Stephan Heep",
        "Email": "germanboy@ioline.pt",
        "Country": "Portugal",
        "Message": "Hello, We would like to obtain further information about the LORAWAN Smartwatch. Thank you.",
        "Date of Submission": "2023-11-15 19:25:55"
    },
    "extra_information": {
        "Submitted On": {
            "links": [
                {
                    "text": "View Page",
                    "href": "https://www.hktlora.com/?elementor_library=float-forms"
                },
                {
                    "text": "Edit Page",
                    "href": "https://www.hktlora.com/wp-admin/post.php?action=edit&post=2390"
                }
            ],
            "full_text": "Quote (View Page | Edit Page)"
        },
        "Submitted By": "Not a registered user"
    },
    "dingding": {
        "id": "29OUb6GPCD",
        "编号": "4256"
    }
}