{
    "form_submission": {
        "Name": "Santhosh Kumar",
        "Email": "santhosh.d@firealps.com",
        "Country": "India",
        "Message": "PN-SCO2B PN-SCO2LB PN-MIC1509S 68pcs Des- Smoke & Carbon dioxide detector, 3V Lithium battery which has the 10-years lifetime and warranty.",
        "Date of Submission": "2023-09-15 15:01:24"
    },
    "extra_information": {
        "Submitted On": {
            "links": [
                {
                    "text": "View Page",
                    "href": "https://www.hktlora.com/?elementor_library=float-forms"
                },
                {
                    "text": "Edit Page",
                    "href": "https://www.hktlora.com/wp-admin/post.php?action=edit&post=2390"
                }
            ],
            "full_text": "Quote (View Page | Edit Page)"
        },
        "Submitted By": "Not a registered user"
    },
    "dingding": {
        "id": "tEsTOxVr1m",
        "编号": "4006"
    }
}