{
    "form_submission": {
        "Name": "Robertcep",
        "Comapny": "zelatcol@gmail.com",
        "Email Address": "zelatcol@gmail.com",
        "Country": "Georgia",
        "Message": "Sawubona, bengifuna ukwazi intengo yakho.",
        "Date of Submission": "2023-07-03 00:22:17"
    },
    "extra_information": {
        "Submitted On": {
            "links": [
                {
                    "text": "View Page",
                    "href": "https://www.hktlora.com/"
                },
                {
                    "text": "Edit Page",
                    "href": "https://www.hktlora.com/wp-admin/post.php?action=edit&post=46"
                }
            ],
            "full_text": "Home (View Page | Edit Page)"
        },
        "Submitted By": "Not a registered user"
    },
    "dingding": {
        "id": "VWrtChl57a",
        "编号": "3406"
    }
}