{
    "form_submission": {
        "Name": "Wolf Hecht",
        "Email": "wolf@starspeeder.de",
        "Country": "Deutschland",
        "Message": "Good morning, I just have discovered the Smart Watch on your website and I want to know how much expensive I would be to get one as a trail for a few months to evaluate it for a POC. Best regards, Wolf Hecht",
        "Date of Submission": "2023-09-15 17:41:51"
    },
    "extra_information": {
        "Submitted On": {
            "links": [
                {
                    "text": "View Page",
                    "href": "https://www.hktlora.com/?elementor_library=float-forms"
                },
                {
                    "text": "Edit Page",
                    "href": "https://www.hktlora.com/wp-admin/post.php?action=edit&post=2390"
                }
            ],
            "full_text": "Quote (View Page | Edit Page)"
        },
        "Submitted By": "Not a registered user"
    },
    "dingding": {
        "id": "djIu0BIBBW",
        "编号": "4008"
    }
}