{
    "form_submission": {
        "First Name": "Jean",
        "Last Name": "Guerin",
        "Email Address": "jean.guerin@co-assist.fr",
        "WhatsApp/Phone NO.": "+33699007027",
        "Country": "France",
        "Postcode": "",
        "Message": "I need a smoke alert detector working in LoRa, CE certified. Volume 1000 pieces per year. Sincerely yours, Jean Guerin",
        "Date of Submission": "2023-12-12 23:48:16"
    },
    "extra_information": {
        "Submitted On": {
            "links": [
                {
                    "text": "View Page",
                    "href": "https://www.hktlora.com/contact/"
                },
                {
                    "text": "Edit Page",
                    "href": "https://www.hktlora.com/wp-admin/post.php?action=edit&post=57"
                }
            ],
            "full_text": "Contact (View Page | Edit Page)"
        },
        "Submitted By": "Not a registered user"
    },
    "dingding": {
        "id": "X4akzeihZV",
        "编号": "4382"
    }
}