{
    "form_submission": {
        "First Name": "Kami",
        "Last Name": "Llanas",
        "Email Address": "llanas.kami96@gmail.com",
        "WhatsApp/Phone NO.": "53 370 60 08",
        "Country": "Poland",
        "Postcode": "",
        "Message": "This message showed up to you and I can make your message show up to millions of websites the same way. It's awesome and low-cost.For more information, please email me or skype me below. P. Stewart Email: 3y32hy@gomail2.xyz Skype: live:.cid.2bc4ed65aa40fb3b",
        "Date of Submission": "2024-02-15 16:34:25"
    },
    "extra_information": {
        "Submitted On": {
            "links": [
                {
                    "text": "View Page",
                    "href": "https://www.hktlora.com/contact/"
                },
                {
                    "text": "Edit Page",
                    "href": "https://www.hktlora.com/wp-admin/post.php?action=edit&post=57"
                }
            ],
            "full_text": "Contact (View Page | Edit Page)"
        },
        "Submitted By": "Not a registered user"
    },
    "dingding": {
        "id": "83NBVgfNks",
        "编号": "4571"
    }
}