{
    "form_submission": {
        "First Name": "Trevor",
        "Last Name": "Cullen",
        "Email Address": "tcc@innovelec.co.uk",
        "WhatsApp/Phone NO.": "07785575840",
        "Country": "United Kingdom",
        "Postcode": "HP2 7DW",
        "Message": "Hello HKT, We are working in conjunction with Go-IoT (with whom you are in contact with TJ). We see great opportunity to sell your LoRa Sensors with our BACnet BMS gateways across Europe. Our current sensors are not price competitive with yours so we think it best to sell yours. Please send data and pricing for your LoRa range. Regards Trevor",
        "Date of Submission": "2023-11-01 19:13:41"
    },
    "extra_information": {
        "Submitted On": {
            "links": [
                {
                    "text": "View Page",
                    "href": "https://www.hktlora.com/distributor/"
                },
                {
                    "text": "Edit Page",
                    "href": "https://www.hktlora.com/wp-admin/post.php?action=edit&post=389"
                }
            ],
            "full_text": "Distributor (View Page | Edit Page)"
        },
        "Submitted By": "Not a registered user"
    },
    "dingding": {
        "id": "aeSBi5EFXu",
        "编号": "4224"
    }
}