{
    "form_submission": {
        "Name": "Tom Arran",
        "Email": "tomarran@gmail.com",
        "WhatsApp": "+447788855470",
        "Country": "Cyprus",
        "Message": "Looking to cover a wall 210cmx210cm",
        "Date of Submission": "2023-03-26 16:21:09"
    },
    "extra_information": {
        "Submitted On": {
            "links": [
                {
                    "text": "View Page",
                    "href": "https://www.hktlora.com/?elementor_library=elementor-single-product-248"
                },
                {
                    "text": "Edit Page",
                    "href": "https://www.hktlora.com/wp-admin/post.php?action=edit&post=248"
                }
            ],
            "full_text": "Elementor Single Product #248 (View Page | Edit Page)"
        },
        "Submitted By": "Not a registered user"
    },
    "dingding": {
        "id": "n9fYxQLz3L",
        "编号": "1664"
    }
}