{
    "form_submission": {
        "Name": "Nicober",
        "Email": "nicoberkonjengbamnicober@gmail.com",
        "Country": "India",
        "Message": "Xxx",
        "Date of Submission": "2023-11-12 01:28:16"
    },
    "extra_information": {
        "Submitted On": {
            "links": [
                {
                    "text": "View Page",
                    "href": "https://www.hktlora.com/?elementor_library=float-forms"
                },
                {
                    "text": "Edit Page",
                    "href": "https://www.hktlora.com/wp-admin/post.php?action=edit&post=2390"
                }
            ],
            "full_text": "Quote (View Page | Edit Page)"
        },
        "Submitted By": "Not a registered user"
    },
    "dingding": {
        "id": "VFiuAwTGcu",
        "编号": "4249"
    }
}