{
    "form_submission": {
        "Name": "Robertcep",
        "Comapny": "lucido.leinteract@gmail.com",
        "Email Address": "lucido.leinteract@gmail.com",
        "Country": "Germany",
        "Message": "Salut, ech wollt Äre Präis wëssen.",
        "Date of Submission": "2023-11-27 02:45:30"
    },
    "extra_information": {
        "Submitted On": {
            "links": [
                {
                    "text": "View Page",
                    "href": "https://www.hktlora.com/"
                },
                {
                    "text": "Edit Page",
                    "href": "https://www.hktlora.com/wp-admin/post.php?action=edit&post=46"
                }
            ],
            "full_text": "Home (View Page | Edit Page)"
        },
        "Submitted By": "Not a registered user"
    },
    "dingding": {
        "id": "LR1poAexNX",
        "编号": "4325"
    }
}