{
    "form_submission": {
        "Name": "arne ritari",
        "Email": "arne@lastmile.no",
        "Country": "norway",
        "Message": "LoRa wan smoking detector. We have a customer with +1000 rooms that want cigarrett smoke detector did se it yesterday on your webpage. Cant find it today",
        "Date of Submission": "2023-09-13 19:25:47"
    },
    "extra_information": {
        "Submitted On": {
            "links": [
                {
                    "text": "View Page",
                    "href": "https://www.hktlora.com/?elementor_library=float-forms"
                },
                {
                    "text": "Edit Page",
                    "href": "https://www.hktlora.com/wp-admin/post.php?action=edit&post=2390"
                }
            ],
            "full_text": "Quote (View Page | Edit Page)"
        },
        "Submitted By": "Not a registered user"
    },
    "dingding": {
        "id": "l5loBu3KsG",
        "编号": "4002"
    }
}