{
    "form_submission": {
        "Name": "Mike Mackenzie",
        "Comapny": "miketwipse@gmail.com",
        "Email Address": "miketwipse@gmail.com",
        "Country": "Taiwan",
        "Message": "Hi there Just checked your hktlora.com baclink profile, I noticed a moderate percentage of toxic links pointing to your website We will investigate each link for its toxicity and perform a professional clean up for you free of charge. Start recovering your ranks today: https://www.hilkom-digital.de/professional-linksprofile-clean-up-service/ Regards Mike Mackenzie Hilkom Digital SEO Experts https://www.hilkom-digital.de/",
        "Date of Submission": "2023-12-02 17:03:56"
    },
    "extra_information": {
        "Submitted On": {
            "links": [
                {
                    "text": "View Page",
                    "href": "https://www.hktlora.com/"
                },
                {
                    "text": "Edit Page",
                    "href": "https://www.hktlora.com/wp-admin/post.php?action=edit&post=46"
                }
            ],
            "full_text": "Home (View Page | Edit Page)"
        },
        "Submitted By": "Not a registered user"
    },
    "dingding": {
        "id": "gUbLeCp9OF",
        "编号": "4350"
    }
}