{
    "form_submission": {
        "Name": "Alejandro",
        "Email": "alejandro.juan@grupotsk.com",
        "Country": "Spain",
        "Message": "Hi, I'm interested in getting a quote of LoRaWAN GPS Cattle Tracker product. Can you please send me an offer with different prices (including shipping costs) based on number of units? 1unit, 10unit, 100 unit, >100 units Thanks in advance!",
        "Date of Submission": "2023-09-12 18:16:55"
    },
    "extra_information": {
        "Submitted On": {
            "links": [
                {
                    "text": "View Page",
                    "href": "https://www.hktlora.com/?elementor_library=float-forms"
                },
                {
                    "text": "Edit Page",
                    "href": "https://www.hktlora.com/wp-admin/post.php?action=edit&post=2390"
                }
            ],
            "full_text": "Quote (View Page | Edit Page)"
        },
        "Submitted By": "Not a registered user"
    },
    "dingding": {
        "id": "6xluhWgL5j",
        "编号": "3997"
    }
}