{
    "form_submission": {
        "Name": "Mike Parkinson",
        "Comapny": "petertwipse@gmail.com",
        "Email Address": "petertwipse@gmail.com",
        "Country": "United States",
        "Message": "Hi there I have just checked hktlora.com for the ranking keywords and saw that your website could use a boost. We will increase your ranks organically and safely, using only state of the art AI and whitehat methods, while providing monthly reports and outstanding support. More info: https://www.digital-x-press.com/unbeatable-seo/ Regards Mike Parkinson Digital X SEO Experts",
        "Date of Submission": "2024-02-02 19:55:48"
    },
    "extra_information": {
        "Submitted On": {
            "links": [
                {
                    "text": "View Page",
                    "href": "https://www.hktlora.com/"
                },
                {
                    "text": "Edit Page",
                    "href": "https://www.hktlora.com/wp-admin/post.php?action=edit&post=46"
                }
            ],
            "full_text": "Home (View Page | Edit Page)"
        },
        "Submitted By": "Not a registered user"
    },
    "dingding": {
        "id": "PFIW78iXhs",
        "编号": "4541"
    }
}