{
    "form_submission": {
        "First Name": "Jim",
        "Last Name": "Roque",
        "Email Address": "astrid.roque@yahoo.com",
        "WhatsApp/Phone NO.": "7263028122",
        "Country": "Australia",
        "Postcode": "",
        "Message": "SEO ensures your website stands out when people search for products or services. Google prioritizes relevance and reliability to decide which sites appear on the first pages, underscoring the need for effective website presentation. SEO Benefits in Brief: 1. Boosts Visibility and Traffic: 2. Establishes Trust: 3. Yields High ROI: 4. Enhances User Experience: Google announced prioritizing pages based on user experience in their algorithm. In essence, SEO is your key to standing out, building trust, and ensuring a high return on investment. Contact us at https://digitalpromax.co/ Also Need expert hands on your WordPress projects? We've got you covered. Let's discuss how our WordPress developers can boost your web endeavors. Click here for more details: https://outsource-bpo.com/website/",
        "Date of Submission": "2023-12-09 00:01:00"
    },
    "extra_information": {
        "Submitted On": {
            "links": [
                {
                    "text": "View Page",
                    "href": "https://www.hktlora.com/contact/"
                },
                {
                    "text": "Edit Page",
                    "href": "https://www.hktlora.com/wp-admin/post.php?action=edit&post=57"
                }
            ],
            "full_text": "Contact (View Page | Edit Page)"
        },
        "Submitted By": "Not a registered user"
    },
    "dingding": {
        "id": "jBKUgvTEWb",
        "编号": "4374"
    }
}