{
    "form_submission": {
        "Name": "salome",
        "Comapny": "salome",
        "Email Address": "12345678@gmail.com",
        "Country": "china",
        "Message": "test",
        "Date of Submission": "2023-10-11 15:48:51"
    },
    "extra_information": {
        "Submitted On": {
            "links": [
                {
                    "text": "View Page",
                    "href": "https://www.hktlora.com/"
                },
                {
                    "text": "Edit Page",
                    "href": "https://www.hktlora.com/wp-admin/post.php?action=edit&post=46"
                }
            ],
            "full_text": "Home (View Page | Edit Page)"
        },
        "Submitted By": {
            "links": [
                {
                    "text": "View User Profiile",
                    "href": "https://www.hktlora.com/wp-admin/user-edit.php?user_id=1"
                },
                {
                    "text": "View 10 more submissions by this user",
                    "href": null
                }
            ],
            "full_text": "ehaitech (View User Profiile | View 10 more submissions by this user)"
        }
    },
    "dingding": {
        "id": "gyZ7bsN6PE",
        "编号": "4084"
    }
}