{
    "form_submission": {
        "Name": "Tobiasgap",
        "Comapny": "no.reply.JanJohnson@gmail.com",
        "Email Address": "no.reply.JanJohnson@gmail.com",
        "Country": "Poland",
        "Message": "Hi! hktlora.com Did you know that it is possible to send proposal in a legally-compliant way? We are introducing a legitimate and valid method of dispatching appeals through feedback forms. Such feedback forms can be seen on a plethora of webpages. When such commercial offers are sent, no personal data is used and messages are sent to forms that are specifically designed to receive messages and appeals in an efficient manner. Messages sent via Communication Forms are least likely to be flagged as spam, since they are viewed as highly significant. Enjoy our service for free today! We can send out up to 50,000 messages for you. The cost of sending one million messages is $59. This offer is automatically generated. Please use the contact details below to get in touch with us. Contact us. Telegram - https://t.me/FeedbackFormEU Skype live:feedbackform2019 WhatsApp +375259112693 WhatsApp https://wa.me/+375259112693 We only use chat for communication.",
        "Date of Submission": "2023-11-02 04:30:24"
    },
    "extra_information": {
        "Submitted On": {
            "links": [
                {
                    "text": "View Page",
                    "href": "https://www.hktlora.com/"
                },
                {
                    "text": "Edit Page",
                    "href": "https://www.hktlora.com/wp-admin/post.php?action=edit&post=46"
                }
            ],
            "full_text": "Home (View Page | Edit Page)"
        },
        "Submitted By": "Not a registered user"
    },
    "dingding": {
        "id": "k4Tgpo7NhO",
        "编号": "4225"
    }
}