{
    "form_submission": {
        "Name": "Matilde",
        "Email": "matilderpmelo@hotmail.com",
        "WhatsApp": "07507805901",
        "Country": "United Kingdom",
        "Message": "Hi, looking for natural oak slats panels for 8meters of width. Thank you",
        "Date of Submission": "2023-02-07 03:41:05"
    },
    "extra_information": {
        "Submitted On": {
            "links": [
                {
                    "text": "View Page",
                    "href": "https://www.hktlora.com/?elementor_library=elementor-single-product-248"
                },
                {
                    "text": "Edit Page",
                    "href": "https://www.hktlora.com/wp-admin/post.php?action=edit&post=248"
                }
            ],
            "full_text": "Elementor Single Product #248 (View Page | Edit Page)"
        },
        "Submitted By": "Not a registered user"
    },
    "dingding": {
        "id": "XAZuGBrr8z",
        "编号": "1477"
    }
}