{
    "form_submission": {
        "First Name": "Maria",
        "Last Name": "Markham",
        "Email Address": "maria@furthertrends.com",
        "WhatsApp/Phone NO.": "454 9822",
        "Country": "USA",
        "Postcode": "",
        "Message": "Hey, did you guys know you can use AI to turn your website content into videos? Check it out here: http://furthertrends.com -Maria unsub from future comms: https://u.furthertrends.com",
        "Date of Submission": "2023-06-16 23:52:27"
    },
    "extra_information": {
        "Submitted On": {
            "links": [
                {
                    "text": "View Page",
                    "href": "https://www.hktlora.com/contact/"
                },
                {
                    "text": "Edit Page",
                    "href": "https://www.hktlora.com/wp-admin/post.php?action=edit&post=57"
                }
            ],
            "full_text": "Contact (View Page | Edit Page)"
        },
        "Submitted By": "Not a registered user"
    },
    "dingding": {
        "id": "MGADoo77St",
        "编号": "2891"
    }
}