{
    "form_submission": {
        "Name": "Ayyubpathan",
        "Email": "ayyubpathann@gmail.com",
        "Country": "Indian",
        "Message": "Smart watch smart gadgets wholesale",
        "Date of Submission": "2023-08-27 01:19:16"
    },
    "extra_information": {
        "Submitted On": {
            "links": [
                {
                    "text": "View Page",
                    "href": "https://www.hktlora.com/?elementor_library=float-forms"
                },
                {
                    "text": "Edit Page",
                    "href": "https://www.hktlora.com/wp-admin/post.php?action=edit&post=2390"
                }
            ],
            "full_text": "Quote (View Page | Edit Page)"
        },
        "Submitted By": "Not a registered user"
    },
    "dingding": {
        "id": "WKQ2usprxT",
        "编号": "3956"
    }
}