{
    "form_submission": {
        "Name": "Javier Valda",
        "Email": "javier.valda@idlc.tech",
        "Country": "Bolivia",
        "Message": "Please send me a quote for lora wan water meters",
        "Date of Submission": "2024-02-07 10:58:23"
    },
    "extra_information": {
        "Submitted On": {
            "links": [
                {
                    "text": "View Page",
                    "href": "https://www.hktlora.com/?elementor_library=float-forms"
                },
                {
                    "text": "Edit Page",
                    "href": "https://www.hktlora.com/wp-admin/post.php?action=edit&post=2390"
                }
            ],
            "full_text": "Quote (View Page | Edit Page)"
        },
        "Submitted By": "Not a registered user"
    },
    "dingding": {
        "id": "CVv0ClMEdQ",
        "编号": "4551"
    }
}