{
    "form_submission": {
        "First Name": "Sharon",
        "Last Name": "sharonchan.mkt@outlook.com",
        "Email Address": "sharonchan.mkt@outlook.com",
        "WhatsApp/Phone NO.": "90588994654",
        "Country": "Hello,",
        "Postcode": "",
        "Message": "Hello,",
        "Date of Submission": "2023-06-13 03:37:01"
    },
    "extra_information": {
        "Submitted On": {
            "links": [
                {
                    "text": "View Page",
                    "href": "https://www.hktlora.com/contact/"
                },
                {
                    "text": "Edit Page",
                    "href": "https://www.hktlora.com/wp-admin/post.php?action=edit&post=57"
                }
            ],
            "full_text": "Contact (View Page | Edit Page)"
        },
        "Submitted By": "Not a registered user"
    },
    "dingding": {
        "id": "TaXMrHhlCW",
        "编号": "2830"
    }
}