{
    "form_submission": {
        "Name": "Mike Wayne",
        "Comapny": "mikeAmadyjem@gmail.com",
        "Email Address": "mikeAmadyjem@gmail.com",
        "Country": "Netherlands Antilles",
        "Message": "Hi there, My name is Mike from Monkey Digital, Allow me to present to you a lifetime revenue opportunity of 35% That's right, you can earn 35% of every order made by your affiliate for life. Simply register with us, generate your affiliate links, and incorporate them on your website, and you are done. It takes only 5 minutes to set up everything, and the payouts are sent each month. Click here to enroll with us today: https://www.monkeydigital.org/affiliate-dashboard/ Think about it, Every website owner requires the use of search engine optimization (SEO) for their website. This endeavor holds significant potential for both parties involved. Thanks and regards Mike Wayne Monkey Digital",
        "Date of Submission": "2023-07-03 19:04:15"
    },
    "extra_information": {
        "Submitted On": {
            "links": [
                {
                    "text": "View Page",
                    "href": "https://www.hktlora.com/"
                },
                {
                    "text": "Edit Page",
                    "href": "https://www.hktlora.com/wp-admin/post.php?action=edit&post=46"
                }
            ],
            "full_text": "Home (View Page | Edit Page)"
        },
        "Submitted By": "Not a registered user"
    },
    "dingding": {
        "id": "QGZxJpfqUP",
        "编号": "3419"
    }
}