{
    "form_submission": {
        "Name": "serge Le Masson",
        "Email": "contact@planet-help.fr",
        "Country": "France",
        "Message": "bonjour pourrais avoir le prix et ce trackers est il fait lors d'un déplacement et de la température d'un véhicules",
        "Date of Submission": "2023-09-28 21:19:02"
    },
    "extra_information": {
        "Submitted On": {
            "links": [
                {
                    "text": "View Page",
                    "href": "https://www.hktlora.com/?elementor_library=float-forms"
                },
                {
                    "text": "Edit Page",
                    "href": "https://www.hktlora.com/wp-admin/post.php?action=edit&post=2390"
                }
            ],
            "full_text": "Quote (View Page | Edit Page)"
        },
        "Submitted By": "Not a registered user"
    },
    "dingding": {
        "id": "ncUO3aNk92",
        "编号": "4042"
    }
}