{
    "form_submission": {
        "First Name": "Jose",
        "Last Name": "Perez",
        "Email Address": "jap@goeasyflow.com",
        "WhatsApp/Phone NO.": "+9710529735648",
        "Country": "United Arab Emirates",
        "Postcode": "",
        "Message": "Hi i need quotation for 1 watch, need to test the technology for an upcoming project.",
        "Date of Submission": "2023-12-28 14:17:05"
    },
    "extra_information": {
        "Submitted On": {
            "links": [
                {
                    "text": "View Page",
                    "href": "https://www.hktlora.com/contact/"
                },
                {
                    "text": "Edit Page",
                    "href": "https://www.hktlora.com/wp-admin/post.php?action=edit&post=57"
                }
            ],
            "full_text": "Contact (View Page | Edit Page)"
        },
        "Submitted By": "Not a registered user"
    },
    "dingding": {
        "id": "VQ3WeoJ6Uw",
        "编号": "4441"
    }
}