{
    "form_submission": {
        "Name": "Mike Oakman",
        "Comapny": "mikesorusnesse@gmail.com",
        "Email Address": "mikesorusnesse@gmail.com",
        "Country": "New Zealand",
        "Message": "If you are looking to rank your local business on Google Maps in a specific area, this service is for you. Google Map Stacking is a highly effective technique for ranking your GMB within a specific mile radius. More info: https://www.speed-seo.net/product/google-maps-pointers/ Thanks and Regards Mike Oakman PS: Want a comprehensive local plan that covers everything? https://www.speed-seo.net/product/local-seo-bundle/",
        "Date of Submission": "2023-07-09 18:39:21"
    },
    "extra_information": {
        "Submitted On": {
            "links": [
                {
                    "text": "View Page",
                    "href": "https://www.hktlora.com/"
                },
                {
                    "text": "Edit Page",
                    "href": "https://www.hktlora.com/wp-admin/post.php?action=edit&post=46"
                }
            ],
            "full_text": "Home (View Page | Edit Page)"
        },
        "Submitted By": "Not a registered user"
    },
    "dingding": {
        "id": "3JOghz8DYQ",
        "编号": "3637"
    }
}