{
    "form_submission": {
        "First Name": "test",
        "Last Name": "test@qq.co",
        "Email Address": "12345678@gmail.com",
        "WhatsApp/Phone NO.": "131111",
        "Country": "china",
        "Postcode": "",
        "Message": "test email",
        "Date of Submission": "2023-10-16 15:46:03"
    },
    "extra_information": {
        "Submitted On": {
            "links": [
                {
                    "text": "View Page",
                    "href": "https://www.hktlora.com/contact/"
                },
                {
                    "text": "Edit Page",
                    "href": "https://www.hktlora.com/wp-admin/post.php?action=edit&post=57"
                }
            ],
            "full_text": "Contact (View Page | Edit Page)"
        },
        "Submitted By": {
            "links": [
                {
                    "text": "View User Profiile",
                    "href": "https://www.hktlora.com/wp-admin/user-edit.php?user_id=1"
                },
                {
                    "text": "View 10 more submissions by this user",
                    "href": null
                }
            ],
            "full_text": "ehaitech (View User Profiile | View 10 more submissions by this user)"
        }
    },
    "dingding": {
        "id": "LJKL3XdV41",
        "编号": "4121"
    }
}