{
    "form_submission": {
        "Name": "Robertcep",
        "Comapny": "lucido.leinteract@gmail.com",
        "Email Address": "lucido.leinteract@gmail.com",
        "Country": "France",
        "Message": "Sveiki, aš norėjau sužinoti jūsų kainą.",
        "Date of Submission": "2024-02-01 10:57:52"
    },
    "extra_information": {
        "Submitted On": {
            "links": [
                {
                    "text": "View Page",
                    "href": "https://www.hktlora.com/"
                },
                {
                    "text": "Edit Page",
                    "href": "https://www.hktlora.com/wp-admin/post.php?action=edit&post=46"
                }
            ],
            "full_text": "Home (View Page | Edit Page)"
        },
        "Submitted By": "Not a registered user"
    },
    "dingding": {
        "id": "nhAbKsUh1X",
        "编号": "4537"
    }
}