{
    "form_submission": {
        "First Name": "Megan",
        "Last Name": "Atkinson",
        "Email Address": "meganatkinson149@gmail.com",
        "WhatsApp/Phone NO.": "51 563 84 90",
        "Country": "Poland",
        "Postcode": "",
        "Message": "Hi there, We run an Instagram growth service, which increases your number of followers both safely and practically. - Guaranteed: We guarantee to gain you 300-1000+ followers per month. - Real, human followers: People follow you because they are interested in your business or niche. - Safe: All actions are made manually. We do not use any bots. The price is just $60 (USD) per month, and we can start immediately. If you are interested, and have any questions, reply back and we can discuss further. Kind Regards, Megan",
        "Date of Submission": "2023-10-17 23:59:37"
    },
    "extra_information": {
        "Submitted On": {
            "links": [
                {
                    "text": "View Page",
                    "href": "https://www.hktlora.com/contact/"
                },
                {
                    "text": "Edit Page",
                    "href": "https://www.hktlora.com/wp-admin/post.php?action=edit&post=57"
                }
            ],
            "full_text": "Contact (View Page | Edit Page)"
        },
        "Submitted By": "Not a registered user"
    },
    "dingding": {
        "id": "D4mQR13HGC",
        "编号": "4131"
    }
}