{
    "form_submission": {
        "Name": "test",
        "Comapny": "test",
        "Email Address": "test@test.com",
        "Country": "China",
        "Message": "test",
        "Date of Submission": "2023-10-11 18:38:15"
    },
    "extra_information": {
        "Submitted On": {
            "links": [
                {
                    "text": "View Page",
                    "href": "https://www.hktlora.com/"
                },
                {
                    "text": "Edit Page",
                    "href": "https://www.hktlora.com/wp-admin/post.php?action=edit&post=46"
                }
            ],
            "full_text": "Home (View Page | Edit Page)"
        },
        "Submitted By": "Not a registered user"
    },
    "dingding": {
        "id": "TR3gSvroVP",
        "编号": "4109"
    }
}