{
    "form_submission": {
        "Name": "Sylwia borejko",
        "Email": "sylwiaborejko@yahoo.com",
        "WhatsApp": "",
        "Country": "Uk",
        "Message": "Hi there I would like to order few panned to for my living room wall .Is it possible to order it ?can you cut the panned to the length of the wall I need ?I would like to order natural oak on black panel .I probably would need 4-5 panels .Can you please advise of the price ?im based in london",
        "Date of Submission": "2022-12-17 16:31:37"
    },
    "extra_information": {
        "Submitted On": {
            "links": [
                {
                    "text": "View Page",
                    "href": "https://www.hktlora.com/?elementor_library=elementor-single-product-248"
                },
                {
                    "text": "Edit Page",
                    "href": "https://www.hktlora.com/wp-admin/post.php?action=edit&post=248"
                }
            ],
            "full_text": "Elementor Single Product #248 (View Page | Edit Page)"
        },
        "Submitted By": "Not a registered user"
    },
    "dingding": {
        "id": "p7r0e0U6v4",
        "编号": "1301"
    }
}