{
    "form_submission": {
        "Name": "Saron Bruno",
        "Email": "saron.bruno@icloud.com",
        "WhatsApp": "3334784253",
        "Country": "Italia",
        "Message": "",
        "Date of Submission": "2023-02-17 21:24:57"
    },
    "extra_information": {
        "Submitted On": {
            "links": [
                {
                    "text": "View Page",
                    "href": "https://www.hktlora.com/?elementor_library=elementor-single-product-248"
                },
                {
                    "text": "Edit Page",
                    "href": "https://www.hktlora.com/wp-admin/post.php?action=edit&post=248"
                }
            ],
            "full_text": "Elementor Single Product #248 (View Page | Edit Page)"
        },
        "Submitted By": "Not a registered user"
    },
    "dingding": {
        "id": "vceK78S5b7",
        "编号": "1604"
    }
}