{
    "form_submission": {
        "First Name": "Micky",
        "Last Name": "Foletta",
        "Email Address": "alan.foletta@yahoo.com",
        "WhatsApp/Phone NO.": "030 46 39 79",
        "Country": "Germany",
        "Postcode": "",
        "Message": "Development Outsourcing Agency — Development Outsourcing... Leading Outsource Development Company. Trusted for 10+ years. Our top devs join your team. Let's talk about the our Advantage! Leading Outsource Development Company for 10+ years. Prices for a simple website starts @ $80. Ecommerce sites $300. Hourly Rate of $7. Contact us now. https://outsource-bpo.com/website/ Also, Introducing Turbo Charged, Super Powerful Backlinks for your website's SEO. Building Quality Links is tough. Let The Experts Do It Right For Your Target Market. We Provide Backlink Services that Offer the Strongest, But Affordable Links. Read carefully here - https://alwaysdigital.co/lgt and See your SEO rankings Sky Rocket",
        "Date of Submission": "2024-02-04 09:14:29"
    },
    "extra_information": {
        "Submitted On": {
            "links": [
                {
                    "text": "View Page",
                    "href": "https://www.hktlora.com/contact/"
                },
                {
                    "text": "Edit Page",
                    "href": "https://www.hktlora.com/wp-admin/post.php?action=edit&post=57"
                }
            ],
            "full_text": "Contact (View Page | Edit Page)"
        },
        "Submitted By": "Not a registered user"
    },
    "dingding": {
        "id": "8rHH0EZu2r",
        "编号": "4545"
    }
}