{
    "form_submission": {
        "First Name": "Procrack",
        "Last Name": "Team",
        "Email Address": "leticia.mayfield@gmail.com",
        "WhatsApp/Phone NO.": "06-32982150",
        "Country": "Netherlands",
        "Postcode": "",
        "Message": "Take Your Internet Marketing Business To Next Level With Our Huge Collection Of Training Courses and softwares. If you can't find what you are looking for in our collection, you can always send us a request we will try to get it for you within 48hours. Visit Our Site https://procrackteam.com To your success Procrack Team",
        "Date of Submission": "2024-01-24 05:13:54"
    },
    "extra_information": {
        "Submitted On": {
            "links": [
                {
                    "text": "View Page",
                    "href": "https://www.hktlora.com/contact/"
                },
                {
                    "text": "Edit Page",
                    "href": "https://www.hktlora.com/wp-admin/post.php?action=edit&post=57"
                }
            ],
            "full_text": "Contact (View Page | Edit Page)"
        },
        "Submitted By": "Not a registered user"
    },
    "dingding": {
        "id": "wuhJBB3rtZ",
        "编号": "4523"
    }
}