{
    "form_submission": {
        "Name": "omaralkassem",
        "Email": "m.alkassem@nabda.com.sa",
        "Country": "Riyadh",
        "Message": "5000 pcs of Smart Tags devices specifically NB-IoT",
        "Date of Submission": "2023-12-05 18:17:02"
    },
    "extra_information": {
        "Submitted On": {
            "links": [
                {
                    "text": "View Page",
                    "href": "https://www.hktlora.com/?elementor_library=float-forms"
                },
                {
                    "text": "Edit Page",
                    "href": "https://www.hktlora.com/wp-admin/post.php?action=edit&post=2390"
                }
            ],
            "full_text": "Quote (View Page | Edit Page)"
        },
        "Submitted By": "Not a registered user"
    },
    "dingding": {
        "id": "Gs5JZZrk0B",
        "编号": "4363"
    }
}