{
    "form_submission": {
        "First Name": "yaser",
        "Last Name": "motaghi",
        "Email Address": "ymotaqi90@gmail.com",
        "WhatsApp/Phone NO.": "989138450721",
        "Country": "iran",
        "Postcode": "",
        "Message": "hi please send the outdoor lorawan gatway (HKT-OD-100) cataluge . thanks",
        "Date of Submission": "2024-01-16 15:31:18"
    },
    "extra_information": {
        "Submitted On": {
            "links": [
                {
                    "text": "View Page",
                    "href": "https://www.hktlora.com/contact/"
                },
                {
                    "text": "Edit Page",
                    "href": "https://www.hktlora.com/wp-admin/post.php?action=edit&post=57"
                }
            ],
            "full_text": "Contact (View Page | Edit Page)"
        },
        "Submitted By": "Not a registered user"
    },
    "dingding": {
        "id": "MH8jPxf48P",
        "编号": "4497"
    }
}