{
    "form_submission": {
        "First Name": "Anna",
        "Last Name": "Wilson",
        "Email Address": "annawilson.web@gmail.com",
        "WhatsApp/Phone NO.": "120120120",
        "Country": "Denmark",
        "Postcode": "",
        "Message": "Hello there, I came across your website on the Internet and saw that it was not showing up in any of the search engines (Google, Yahoo, and Bing) for the majority of keywords associated with your company. Do you want more targeted visitors on your website? We can place your website on Google’s 1st Page. yahoo, AOL, Bing. Etc. If interested, kindly provide me your name, phone number, and email. Regards, Anna annawilson.web@gmail.com",
        "Date of Submission": "2023-06-13 16:44:47"
    },
    "extra_information": {
        "Submitted On": {
            "links": [
                {
                    "text": "View Page",
                    "href": "https://www.hktlora.com/contact/"
                },
                {
                    "text": "Edit Page",
                    "href": "https://www.hktlora.com/wp-admin/post.php?action=edit&post=57"
                }
            ],
            "full_text": "Contact (View Page | Edit Page)"
        },
        "Submitted By": "Not a registered user"
    },
    "dingding": {
        "id": "t0zd6X3U2o",
        "编号": "2875"
    }
}