{
    "form_submission": {
        "First Name": "Megan",
        "Last Name": "Atkinson",
        "Email Address": "meganatkinson149@gmail.com",
        "WhatsApp/Phone NO.": "250-864-2645",
        "Country": "Canada",
        "Postcode": "",
        "Message": "Hi there, We run an Instagram growth service, which increases your number of followers both safely and practically. - We guarantee to gain you 300-1000+ followers per month. - People follow you because they are interested in you, increasing likes, comments and interaction. - All actions are made manually by our team. We do not use any 'bots'. The price is just $60 (USD) per month, and we can start immediately. If you'd like to see some of our previous work, let me know, and we can discuss it further. Kind Regards, Megan",
        "Date of Submission": "2023-10-24 02:24:49"
    },
    "extra_information": {
        "Submitted On": {
            "links": [
                {
                    "text": "View Page",
                    "href": "https://www.hktlora.com/contact/"
                },
                {
                    "text": "Edit Page",
                    "href": "https://www.hktlora.com/wp-admin/post.php?action=edit&post=57"
                }
            ],
            "full_text": "Contact (View Page | Edit Page)"
        },
        "Submitted By": "Not a registered user"
    },
    "dingding": {
        "id": "CpapwEXNTv",
        "编号": "4145"
    }
}