{
    "form_submission": {
        "First Name": "James",
        "Last Name": "Soares",
        "Email Address": "soares.karol@yahoo.com",
        "WhatsApp/Phone NO.": "7112212630",
        "Country": "United States",
        "Postcode": "",
        "Message": "Hi there! Top Rated SEO Agency. Personalized Service from Dedicated Account Team. ROI Driven. Relationship Focused. Custom SEO Strategy. 95% Client Retention Rate. Services: Analytics, Back-end Development, Competitive Research, Consulting. Buy now: https://alwaysdigital.co/la/ Psst. If you have web development/ designing requirements, feel free to see more details at: https://outsource-bpo.com/website/",
        "Date of Submission": "2023-11-16 14:36:33"
    },
    "extra_information": {
        "Submitted On": {
            "links": [
                {
                    "text": "View Page",
                    "href": "https://www.hktlora.com/contact/"
                },
                {
                    "text": "Edit Page",
                    "href": "https://www.hktlora.com/wp-admin/post.php?action=edit&post=57"
                }
            ],
            "full_text": "Contact (View Page | Edit Page)"
        },
        "Submitted By": "Not a registered user"
    },
    "dingding": {
        "id": "nL0s7EzBkV",
        "编号": "4261"
    }
}