{
    "form_submission": {
        "Name": "Philcep",
        "Comapny": "alvinbbm41@gmail.com",
        "Email Address": "alvinbbm41@gmail.com",
        "Country": "Georgia",
        "Message": "Szia, meg akartam tudni az árát.",
        "Date of Submission": "2023-10-10 02:34:05"
    },
    "extra_information": {
        "Submitted On": {
            "links": [
                {
                    "text": "View Page",
                    "href": "https://www.hktlora.com/"
                },
                {
                    "text": "Edit Page",
                    "href": "https://www.hktlora.com/wp-admin/post.php?action=edit&post=46"
                }
            ],
            "full_text": "Home (View Page | Edit Page)"
        },
        "Submitted By": "Not a registered user"
    },
    "dingding": {
        "id": "1AOIHOT4xP",
        "编号": "4082"
    }
}