{
    "form_submission": {
        "First Name": "1",
        "Last Name": "2",
        "Email Address": "test@faff.com",
        "WhatsApp/Phone NO.": "2",
        "Country": "q",
        "Postcode": "",
        "Message": "0",
        "Date of Submission": "2023-10-12 16:11:04"
    },
    "extra_information": {
        "Submitted On": {
            "links": [
                {
                    "text": "View Page",
                    "href": "https://www.hktlora.com/contact/"
                },
                {
                    "text": "Edit Page",
                    "href": "https://www.hktlora.com/wp-admin/post.php?action=edit&post=57"
                }
            ],
            "full_text": "Contact (View Page | Edit Page)"
        },
        "Submitted By": {
            "links": [
                {
                    "text": "View User Profiile",
                    "href": "https://www.hktlora.com/wp-admin/user-edit.php?user_id=3"
                },
                {
                    "text": "View 3 more submissions by this user",
                    "href": null
                }
            ],
            "full_text": "huakuantong (View User Profiile | View 3 more submissions by this user)"
        }
    },
    "dingding": {
        "id": "0OmWQpJfl8",
        "编号": "4112"
    }
}