{
    "form_submission": {
        "Name": "TruePillsshalo",
        "Comapny": "iunskiygipertonik@gmail.com",
        "Email Address": "iunskiygipertonik@gmail.com",
        "Country": "United States",
        "Message": "TruePills, No prescription needed, Buy pills without restrictions. Money Back Guaranteed 30-day refunds. Viagra buy, discount! without prescription. Cialis buy, discount! without prescription. Viagra Professional buy, discount! without prescription. Cialis Professional buy, discount! without prescription. Viagra Super Active buy, discount! without prescription. Cialis Super Active buy, discount! without prescription. Synthroid buy, discount! without prescription. https://cutt.ly/4wP5bDuH http://bit.ly/3GAiEsU",
        "Date of Submission": "2024-01-22 21:00:34"
    },
    "extra_information": {
        "Submitted On": {
            "links": [
                {
                    "text": "View Page",
                    "href": "https://www.hktlora.com/"
                },
                {
                    "text": "Edit Page",
                    "href": "https://www.hktlora.com/wp-admin/post.php?action=edit&post=46"
                }
            ],
            "full_text": "Home (View Page | Edit Page)"
        },
        "Submitted By": "Not a registered user"
    },
    "dingding": {
        "id": "rR5fuquBqX",
        "编号": "4518"
    }
}