{
    "form_submission": {
        "First Name": "Aurora Anderson",
        "Last Name": "Anderson",
        "Email Address": "aurora@wowblogging.com",
        "WhatsApp/Phone NO.": "2032866863",
        "Country": "United Kingdom",
        "Postcode": "E2 8AA",
        "Message": "Hello, Take your SEO and brand to the next level with our premium guest post service! We'll help you secure posts on relevant blogs, all for a reasonable rate of just USD 30. Plus, we do content writing too . If you do not monitor this, just forward this email to your marketing agency so we can work together to get the best outcome. Reach out today to learn how this partnership could work wonders for your business. Here are a few examples: https://animixplaynews.com/tips-to-help-you-make-the-most-of-your-garden-time/ https://timebusinessnews.com/10-business-management-tips-that-you-should-know/ https://original.newsbreak.com/@seasonal-cravings-1631914/3027219452374-five-tips-to-stay-fit-and-healthy https://www.businestime.com/business-broker-review-what-one-can-expect-broker-can-do/ https://nybreaking.com/grand-designs-architect-is-selling-2-25m-war-bunker-home/ Thanks Aurora Anderson Web Site: https://www.wowblogging.com To Un-subscribe: Reply-with \"NO\"",
        "Date of Submission": "2023-10-17 12:16:26"
    },
    "extra_information": {
        "Submitted On": {
            "links": [
                {
                    "text": "View Page",
                    "href": "https://www.hktlora.com/contact/"
                },
                {
                    "text": "Edit Page",
                    "href": "https://www.hktlora.com/wp-admin/post.php?action=edit&post=57"
                }
            ],
            "full_text": "Contact (View Page | Edit Page)"
        },
        "Submitted By": "Not a registered user"
    },
    "dingding": {
        "id": "07j1kDHWVh",
        "编号": "4129"
    }
}