{
    "form_submission": {
        "First Name": "MJ",
        "Last Name": "Naval",
        "Email Address": "naval.maryjane.c170001@gmail.com",
        "WhatsApp/Phone NO.": "09956193060",
        "Country": "Philippines",
        "Postcode": "4200",
        "Message": "Good day, do you have an available \"water meter product\". With 10k pressure capacitu, 24 cm length and 4\". ASAP",
        "Date of Submission": "2023-12-05 13:12:33"
    },
    "extra_information": {
        "Submitted On": {
            "links": [
                {
                    "text": "View Page",
                    "href": "https://www.hktlora.com/contact/"
                },
                {
                    "text": "Edit Page",
                    "href": "https://www.hktlora.com/wp-admin/post.php?action=edit&post=57"
                }
            ],
            "full_text": "Contact (View Page | Edit Page)"
        },
        "Submitted By": "Not a registered user"
    },
    "dingding": {
        "id": "kqbQ0Eyt7w",
        "编号": "4362"
    }
}