{
    "form_submission": {
        "Name": "JosephTix",
        "Comapny": "no.reply.BrianJones@gmail.com",
        "Email Address": "no.reply.BrianJones@gmail.com",
        "Country": "Nicaragua",
        "Message": "Hey there! hktlora.com Did you know that it is possible to send business proposals forthrightly legally? We are offering a new way of submitting appeals through contact forms. You may find these kinds of feedback forms on numerous websites. When such messages are sent, no personal data is used, and messages are sent to forms specifically designed to receive and process messages and appeals. As these messages are deemed important, the ones sent by Feedback Forms are not classified as spam. Enjoy our service for free today! We shall send up to 50,000 messages for you. The cost of sending one million messages is $59. This message was automatically generated. Please use the contact details below to get in touch with us. Contact us. Telegram - https://t.me/FeedbackFormEU Skype live:feedbackform2019 WhatsApp +375259112693 WhatsApp https://wa.me/+375259112693 We only use chat for communication.",
        "Date of Submission": "2023-06-20 00:50:40"
    },
    "extra_information": {
        "Submitted On": {
            "links": [
                {
                    "text": "View Page",
                    "href": "https://www.hktlora.com/"
                },
                {
                    "text": "Edit Page",
                    "href": "https://www.hktlora.com/wp-admin/post.php?action=edit&post=46"
                }
            ],
            "full_text": "Home (View Page | Edit Page)"
        },
        "Submitted By": "Not a registered user"
    },
    "dingding": {
        "id": "tmz3D39O16",
        "编号": "2895"
    }
}