{
    "form_submission": {
        "Name": "Praduman",
        "Comapny": "Kushwaha",
        "Email Address": "praduman.kushwaha@avataarskin.com",
        "Country": "India",
        "Message": "We need to install IoT on all our machines for the following - To track their location - To track live whether those are on or off. - To track total work time - Real-time alerts for non-functional machines.",
        "Date of Submission": "2023-12-15 17:29:49"
    },
    "extra_information": {
        "Submitted On": {
            "links": [
                {
                    "text": "View Page",
                    "href": "https://www.hktlora.com/"
                },
                {
                    "text": "Edit Page",
                    "href": "https://www.hktlora.com/wp-admin/post.php?action=edit&post=46"
                }
            ],
            "full_text": "Home (View Page | Edit Page)"
        },
        "Submitted By": "Not a registered user"
    },
    "dingding": {
        "id": "iBGqWdpV4P",
        "编号": "4387"
    }
}