{
    "form_submission": {
        "Name": "Francis",
        "Email": "jtsoft2028@gmail.com",
        "Country": "HongKong",
        "Message": "Hi, may I get a quotation of smoke sensor LoRaWAN IoT for personal home?",
        "Date of Submission": "2023-11-03 10:46:12"
    },
    "extra_information": {
        "Submitted On": {
            "links": [
                {
                    "text": "View Page",
                    "href": "https://www.hktlora.com/?elementor_library=float-forms"
                },
                {
                    "text": "Edit Page",
                    "href": "https://www.hktlora.com/wp-admin/post.php?action=edit&post=2390"
                }
            ],
            "full_text": "Quote (View Page | Edit Page)"
        },
        "Submitted By": "Not a registered user"
    },
    "dingding": {
        "id": "8Rv5XhN9LE",
        "编号": "4229"
    }
}