{
    "form_submission": {
        "Name": "Subash kar",
        "Email": "karsubash988@gmail.com",
        "Country": "Subash",
        "Message": "",
        "Date of Submission": "2023-10-29 00:19:19"
    },
    "extra_information": {
        "Submitted On": {
            "links": [
                {
                    "text": "View Page",
                    "href": "https://www.hktlora.com/?elementor_library=float-forms"
                },
                {
                    "text": "Edit Page",
                    "href": "https://www.hktlora.com/wp-admin/post.php?action=edit&post=2390"
                }
            ],
            "full_text": "Quote (View Page | Edit Page)"
        },
        "Submitted By": "Not a registered user"
    },
    "dingding": {
        "id": "1uG9qQ8WtD",
        "编号": "4214"
    }
}