{
    "form_submission": {
        "Name": "Peter Kgomotso",
        "Email": "kgomotso.peter@gmail.com",
        "Country": "BW",
        "Message": "Kindly send me a quote. I would like to start monitoring animals on my farm.",
        "Date of Submission": "2024-02-11 13:48:09"
    },
    "extra_information": {
        "Submitted On": {
            "links": [
                {
                    "text": "View Page",
                    "href": "https://www.hktlora.com/?elementor_library=float-forms"
                },
                {
                    "text": "Edit Page",
                    "href": "https://www.hktlora.com/wp-admin/post.php?action=edit&post=2390"
                }
            ],
            "full_text": "Quote (View Page | Edit Page)"
        },
        "Submitted By": "Not a registered user"
    },
    "dingding": {
        "id": "UaAhT3oZmm",
        "编号": "4564"
    }
}