{
    "form_submission": {
        "Name": "Cosmin Stamate",
        "Email": "stamate.cosmin@gmail.com",
        "Country": "Romania",
        "Message": "Hello, I am interested in purchasing several of these, may I please get a price and some specs? Also can I receive the data in my own platform or do I have to use yours? Best, Cosmin",
        "Date of Submission": "2024-02-10 22:16:57"
    },
    "extra_information": {
        "Submitted On": {
            "links": [
                {
                    "text": "View Page",
                    "href": "https://www.hktlora.com/?elementor_library=float-forms"
                },
                {
                    "text": "Edit Page",
                    "href": "https://www.hktlora.com/wp-admin/post.php?action=edit&post=2390"
                }
            ],
            "full_text": "Quote (View Page | Edit Page)"
        },
        "Submitted By": "Not a registered user"
    },
    "dingding": {
        "id": "zY3UHC87kO",
        "编号": "4563"
    }
}