{
    "form_submission": {
        "First Name": "Clara Anderson",
        "Last Name": "Anderson",
        "Email Address": "clara@wowblogging.com",
        "WhatsApp/Phone NO.": "02032868663",
        "Country": "United Kingdom",
        "Postcode": "E2 8AA",
        "Message": "Hello, I apologize for any inconvenience, and I'm not trying to intrude. I'd like to propose that your company engages in guest posting to enhance your brand visibility and SEO. We do the same job for $30 per post, we can help you secure more guest posts on relevant blogs. Kindly share this email with your SEO agency to explore collaboration. Interested in viewing some samples? To begin, please visit this link: Add-domain. Thanks Clara Anderson Web Site:https://www.wowblogging.com To-Unsubscribe-Reply with \"NO\"",
        "Date of Submission": "2023-10-31 11:59:23"
    },
    "extra_information": {
        "Submitted On": {
            "links": [
                {
                    "text": "View Page",
                    "href": "https://www.hktlora.com/contact/"
                },
                {
                    "text": "Edit Page",
                    "href": "https://www.hktlora.com/wp-admin/post.php?action=edit&post=57"
                }
            ],
            "full_text": "Contact (View Page | Edit Page)"
        },
        "Submitted By": "Not a registered user"
    },
    "dingding": {
        "id": "JFng2JK0Cv",
        "编号": "4217"
    }
}