{
    "form_submission": {
        "Name": "Mike Fleming",
        "Comapny": "petertwipse@gmail.com",
        "Email Address": "petertwipse@gmail.com",
        "Country": "United States",
        "Message": "Hi I have just took a look on your SEO for hktlora.com for its SEO Trend and saw that your website could use a boost. We will increase your ranks organically and safely, using only state of the art AI and whitehat methods, while providing monthly reports and outstanding support. More info: https://www.digital-x-press.com/unbeatable-seo/ Regards Mike Fleming Digital X SEO Experts",
        "Date of Submission": "2023-10-14 11:56:58"
    },
    "extra_information": {
        "Submitted On": {
            "links": [
                {
                    "text": "View Page",
                    "href": "https://www.hktlora.com/"
                },
                {
                    "text": "Edit Page",
                    "href": "https://www.hktlora.com/wp-admin/post.php?action=edit&post=46"
                }
            ],
            "full_text": "Home (View Page | Edit Page)"
        },
        "Submitted By": "Not a registered user"
    },
    "dingding": {
        "id": "469c0q5J71",
        "编号": "4116"
    }
}