{
    "form_submission": {
        "First Name": "Najma Kanti",
        "Last Name": "najmakanti@gmail.com",
        "Email Address": "najmakanti@gmail.com",
        "WhatsApp/Phone NO.": "03051282907",
        "Country": "Pakistan",
        "Postcode": "38000",
        "Message": "Hi Dear, Hope you are doing well I'm here to introduce my services for Ranking in Google and other search engines. That actually helps you to grow your businesses. I have access to all of these Websites for Guest Posting Services. Sites https://www.bignewsnetwork.com/ Traffic_81.5K https://www.businesstomark.com/ Traffic 60.5K https://whatitallbelike.com/ Traffic_68.5K https://deeptechy.com/ Traffic 5.34K https://sthint.com/ Traffic 15.0K https://publicistpaper.com/ Traffic_37.5K https://techbullion.com/ Traffic_321K https://timebusinessnews.com/ Traffic_141K https://ventsmagazine.com Traffic_60.8K https://urbanmatter.com/ Traffic_429K https://animixplaynews.com/ Traffic_101K https://isaiminis.com/ Traffic 330K https://masstamilans.com/ Traffic 282K https://pilarr.com/ Traffic 5.42K https://www.scoopearth.com/ Traffic_61.4K I also have many more sites I can publish your blogs by putting your Backlink, Which will redirect to your Website or Business Platform. I've been in this field for 4-5 Years, You can demand your requirements or Niches. Please Accept My Humble Request. I'm waiting for your positive response. Best Regards,",
        "Date of Submission": "2023-09-06 19:30:26"
    },
    "extra_information": {
        "Submitted On": {
            "links": [
                {
                    "text": "View Page",
                    "href": "https://www.hktlora.com/contact/"
                },
                {
                    "text": "Edit Page",
                    "href": "https://www.hktlora.com/wp-admin/post.php?action=edit&post=57"
                }
            ],
            "full_text": "Contact (View Page | Edit Page)"
        },
        "Submitted By": "Not a registered user"
    },
    "dingding": {
        "id": "wUZIULeVSz",
        "编号": "3989"
    }
}