{
    "form_submission": {
        "Name": "Buğra Demiriz",
        "Email": "bugra.demiriz@roltek.com.tr",
        "Country": "Turkey",
        "Message": "Hello, we need 20 Lorawan door locks with card readers to start a project. Please send me your price offer and delivery time. The products will be received by our import company in China.",
        "Date of Submission": "2024-01-23 20:50:43"
    },
    "extra_information": {
        "Submitted On": {
            "links": [
                {
                    "text": "View Page",
                    "href": "https://www.hktlora.com/?elementor_library=float-forms"
                },
                {
                    "text": "Edit Page",
                    "href": "https://www.hktlora.com/wp-admin/post.php?action=edit&post=2390"
                }
            ],
            "full_text": "Quote (View Page | Edit Page)"
        },
        "Submitted By": "Not a registered user"
    },
    "dingding": {
        "id": "ngUn1skxwP",
        "编号": "4522"
    }
}