{
    "form_submission": {
        "Name": "test",
        "Email": "test@qq.com",
        "Country": "adsad",
        "Message": "浮点数",
        "Date of Submission": "2023-06-09 17:00:29"
    },
    "extra_information": {
        "Submitted On": {
            "links": [
                {
                    "text": "View Page",
                    "href": "https://www.hktlora.com/?elementor_library=float-forms"
                },
                {
                    "text": "Edit Page",
                    "href": "https://www.hktlora.com/wp-admin/post.php?action=edit&post=2390"
                }
            ],
            "full_text": "Quote (View Page | Edit Page)"
        },
        "Submitted By": {
            "links": [
                {
                    "text": "View User Profiile",
                    "href": "https://www.hktlora.com/wp-admin/user-edit.php?user_id=1"
                },
                {
                    "text": "View 10 more submissions by this user",
                    "href": null
                }
            ],
            "full_text": "ehaitech (View User Profiile | View 10 more submissions by this user)"
        }
    },
    "dingding": {
        "id": "RupkOvnIel",
        "编号": "2823"
    }
}