{
    "form_submission": {
        "First Name": "Karzan",
        "Last Name": "AWLA",
        "Email Address": "karzan@time-net.net",
        "WhatsApp/Phone NO.": "+9647501113693",
        "Country": "Iraq",
        "Postcode": "44001",
        "Message": "My name is Karzan Awla I’m reaching out from TimeNet,Ltd the Fixed Internet service provider, we are about to enter the IOT world newly, I would like to know more about your Products and possibilities to adopt your system in our business model, it will be beneficial if we can speak sometime regarding this business calibration.",
        "Date of Submission": "2023-09-28 06:50:46"
    },
    "extra_information": {
        "Submitted On": {
            "links": [
                {
                    "text": "View Page",
                    "href": "https://www.hktlora.com/contact/"
                },
                {
                    "text": "Edit Page",
                    "href": "https://www.hktlora.com/wp-admin/post.php?action=edit&post=57"
                }
            ],
            "full_text": "Contact (View Page | Edit Page)"
        },
        "Submitted By": "Not a registered user"
    },
    "dingding": {
        "id": "ZFxoM1lDz3",
        "编号": "4040"
    }
}