{
    "form_submission": {
        "Name": "Ossi Malaska",
        "Email": "ossi.malaska@metec.fi",
        "Country": "Finland",
        "Message": "Hello, may I have a datasheet of your LoRaWAN Smoke Detector? What data can be obtained via LoRaWAN from the detector?",
        "Date of Submission": "2023-12-05 18:36:18"
    },
    "extra_information": {
        "Submitted On": {
            "links": [
                {
                    "text": "View Page",
                    "href": "https://www.hktlora.com/?elementor_library=float-forms"
                },
                {
                    "text": "Edit Page",
                    "href": "https://www.hktlora.com/wp-admin/post.php?action=edit&post=2390"
                }
            ],
            "full_text": "Quote (View Page | Edit Page)"
        },
        "Submitted By": "Not a registered user"
    },
    "dingding": {
        "id": "rJ32sKdZDX",
        "编号": "4364"
    }
}