{
    "form_submission": {
        "First Name": "Lucy",
        "Last Name": "Johnson",
        "Email Address": "lucyjohnson.web@gmail.com",
        "WhatsApp/Phone NO.": "1234567890",
        "Country": "Germany",
        "Postcode": "",
        "Message": "Hello, Hope you are doing well I was surfing the internet and found your email contact. Are you looking for a website for your business or do you want to redesign your website with the latest features that might benefit the overall usability & user experience which usually leads to better sales! We Deliver Following Services: ∙ Web Designing & Development ∙ Hosting and Domain Registration ∙ Graphic Design & Logo Design ∙ Add/Update new features Let me know if you are interested and want a fresh look so that we will be able to provide you with further solutions as per your requirements. I am looking forward to hearing from you soon. Sincerely, Lucy Johnson Wishing you a fantastic New Year filled with achievements and growth! Your Website : hktlora.com",
        "Date of Submission": "2024-01-18 11:01:37"
    },
    "extra_information": {
        "Submitted On": {
            "links": [
                {
                    "text": "View Page",
                    "href": "https://www.hktlora.com/contact/"
                },
                {
                    "text": "Edit Page",
                    "href": "https://www.hktlora.com/wp-admin/post.php?action=edit&post=57"
                }
            ],
            "full_text": "Contact (View Page | Edit Page)"
        },
        "Submitted By": "Not a registered user"
    },
    "dingding": {
        "id": "BJ9NnjD3mQ",
        "编号": "4502"
    }
}