{
    "form_submission": {
        "Name": "test",
        "Email": "test@test.com",
        "Country": "China",
        "Message": "test",
        "Date of Submission": "2023-06-29 10:42:16"
    },
    "extra_information": {
        "Submitted On": {
            "links": [
                {
                    "text": "View Page",
                    "href": "https://www.hktlora.com/?elementor_library=float-forms"
                },
                {
                    "text": "Edit Page",
                    "href": "https://www.hktlora.com/wp-admin/post.php?action=edit&post=2390"
                }
            ],
            "full_text": "Quote (View Page | Edit Page)"
        },
        "Submitted By": "Not a registered user"
    },
    "dingding": {
        "id": "1nUeVx2kX8",
        "编号": "3359"
    }
}