{
    "form_submission": {
        "First Name": "Billy",
        "Last Name": "Camidge",
        "Email Address": "billy.camidge@gmail.com",
        "WhatsApp/Phone NO.": "T cptq ki x",
        "Country": "Austria",
        "Postcode": "",
        "Message": "Videos & Exploiting A \"UNKNOWN\" YouTube Secret WITHOUT Any Skills, Creativity Or Budget! Create UNLIMITED YouTube Kids Story Videos In Minutes That Attract MILLIONS Of Views, Subscribers & Commissions... Even For Newbies! [Super Simple] AI App Makes Us $567/Day Posting HOW?! https://www.youtube.com/watch?v=ZinaInjbUac",
        "Date of Submission": "2024-02-21 22:43:38"
    },
    "extra_information": {
        "Submitted On": {
            "links": [
                {
                    "text": "View Page",
                    "href": "https://www.hktlora.com/contact/"
                },
                {
                    "text": "Edit Page",
                    "href": "https://www.hktlora.com/wp-admin/post.php?action=edit&post=57"
                }
            ],
            "full_text": "Contact (View Page | Edit Page)"
        },
        "Submitted By": "Not a registered user"
    },
    "dingding": {
        "id": "Ze3sAs1MDF",
        "编号": "4597"
    }
}