{
    "form_submission": {
        "Name": "pankaj",
        "Email": "pankaj@truetechservices.in",
        "Country": "india",
        "Message": "need chip which can secure laptop devices",
        "Date of Submission": "2023-11-17 03:03:46"
    },
    "extra_information": {
        "Submitted On": {
            "links": [
                {
                    "text": "View Page",
                    "href": "https://www.hktlora.com/?elementor_library=float-forms"
                },
                {
                    "text": "Edit Page",
                    "href": "https://www.hktlora.com/wp-admin/post.php?action=edit&post=2390"
                }
            ],
            "full_text": "Quote (View Page | Edit Page)"
        },
        "Submitted By": "Not a registered user"
    },
    "dingding": {
        "id": "BRcoB3Q1t2",
        "编号": "4264"
    }
}