{
    "form_submission": {
        "First Name": "Meric",
        "Last Name": "Genc",
        "Email Address": "meric.genc@gausteknoloji.com",
        "WhatsApp/Phone NO.": "00905543601062",
        "Country": "Turkey",
        "Postcode": "34450",
        "Message": "In Gaus Agriculture Department; we are using the LoraWAN (Based on Semtech SX1302 solution EU868) for communication with sensors for Greenhouse automation system solutions. Similarly, we are starting a new project on monitoring the movements of cattle. In this project, we plan to use the same LoraWan technology as in the agricultural automation system solution. So, we are looking for a product LoRaWAN sensor, do you have product that use this technology? Could you please give price information of 1k \"LoRaWAN Bio-Capsule For Cow\" ?",
        "Date of Submission": "2023-10-04 17:17:33"
    },
    "extra_information": {
        "Submitted On": {
            "links": [
                {
                    "text": "View Page",
                    "href": "https://www.hktlora.com/contact/"
                },
                {
                    "text": "Edit Page",
                    "href": "https://www.hktlora.com/wp-admin/post.php?action=edit&post=57"
                }
            ],
            "full_text": "Contact (View Page | Edit Page)"
        },
        "Submitted By": "Not a registered user"
    },
    "dingding": {
        "id": "4qM4WnQry2",
        "编号": "4054"
    }
}