{
    "form_submission": {
        "Name": "Akhil Kudalkar",
        "Email": "akudalkar007@gmail.com",
        "Country": "India",
        "Message": "Want to buy smart watch",
        "Date of Submission": "2023-09-24 20:22:21"
    },
    "extra_information": {
        "Submitted On": {
            "links": [
                {
                    "text": "View Page",
                    "href": "https://www.hktlora.com/?elementor_library=float-forms"
                },
                {
                    "text": "Edit Page",
                    "href": "https://www.hktlora.com/wp-admin/post.php?action=edit&post=2390"
                }
            ],
            "full_text": "Quote (View Page | Edit Page)"
        },
        "Submitted By": "Not a registered user"
    },
    "dingding": {
        "id": "FmPEjVSS5F",
        "编号": "4034"
    }
}