{
    "form_submission": {
        "First Name": "CrytoJAG",
        "Last Name": "homiedawg@yahoo.com",
        "Email Address": "homiedawg@yahoo.com",
        "WhatsApp/Phone NO.": "89034708794",
        "Country": "http://go.hojagoak.com/0j35",
        "Postcode": "",
        "Message": "This robot can bring you money 24/7. http://go.hojagoak.com/0j35",
        "Date of Submission": "2023-01-09 00:58:41"
    },
    "extra_information": {
        "Submitted On": {
            "links": [
                {
                    "text": "View Page",
                    "href": "https://www.hktlora.com/"
                },
                {
                    "text": "Edit Page",
                    "href": "https://www.hktlora.com/wp-admin/post.php?action=edit&post=46"
                }
            ],
            "full_text": "Home (View Page | Edit Page)"
        },
        "Submitted By": "Not a registered user"
    },
    "dingding": {
        "id": "WmyNpV0kMv",
        "编号": "1328"
    }
}