{
    "form_submission": {
        "Name": "WENCESJOHN PEREZ",
        "Email": "johninthenet@yahoo.com",
        "Country": "Philippines",
        "Message": "pls send me a qoutation of this lorawan smoke detector and a lorawan gateway. thank you",
        "Date of Submission": "2023-11-06 08:51:11"
    },
    "extra_information": {
        "Submitted On": {
            "links": [
                {
                    "text": "View Page",
                    "href": "https://www.hktlora.com/?elementor_library=float-forms"
                },
                {
                    "text": "Edit Page",
                    "href": "https://www.hktlora.com/wp-admin/post.php?action=edit&post=2390"
                }
            ],
            "full_text": "Quote (View Page | Edit Page)"
        },
        "Submitted By": "Not a registered user"
    },
    "dingding": {
        "id": "On8AMT9uDn",
        "编号": "4234"
    }
}