{
    "form_submission": {
        "Name": "Philcep",
        "Comapny": "septon36giannixi@gmail.com",
        "Email Address": "septon36giannixi@gmail.com",
        "Country": "France",
        "Message": "Hola, volia saber el seu preu.",
        "Date of Submission": "2023-11-09 17:26:56"
    },
    "extra_information": {
        "Submitted On": {
            "links": [
                {
                    "text": "View Page",
                    "href": "https://www.hktlora.com/"
                },
                {
                    "text": "Edit Page",
                    "href": "https://www.hktlora.com/wp-admin/post.php?action=edit&post=46"
                }
            ],
            "full_text": "Home (View Page | Edit Page)"
        },
        "Submitted By": "Not a registered user"
    },
    "dingding": {
        "id": "M1lEsfkdUk",
        "编号": "4245"
    }
}