{
    "form_submission": {
        "Name": "Robertcep",
        "Comapny": "alfredegov@gmail.com",
        "Email Address": "alfredegov@gmail.com",
        "Country": "Georgia",
        "Message": "Ola, quería saber o seu prezo.",
        "Date of Submission": "2023-09-03 14:20:58"
    },
    "extra_information": {
        "Submitted On": {
            "links": [
                {
                    "text": "View Page",
                    "href": "https://www.hktlora.com/"
                },
                {
                    "text": "Edit Page",
                    "href": "https://www.hktlora.com/wp-admin/post.php?action=edit&post=46"
                }
            ],
            "full_text": "Home (View Page | Edit Page)"
        },
        "Submitted By": "Not a registered user"
    },
    "dingding": {
        "id": "srAcFLZXDl",
        "编号": "3977"
    }
}