{
    "form_submission": {
        "Name": "Ranjith Kumar",
        "Email": "ranjithk41558@gmail.com",
        "Country": "ranjithk41558@gmail.com",
        "Message": "",
        "Date of Submission": "2023-11-19 00:18:30"
    },
    "extra_information": {
        "Submitted On": {
            "links": [
                {
                    "text": "View Page",
                    "href": "https://www.hktlora.com/?elementor_library=float-forms"
                },
                {
                    "text": "Edit Page",
                    "href": "https://www.hktlora.com/wp-admin/post.php?action=edit&post=2390"
                }
            ],
            "full_text": "Quote (View Page | Edit Page)"
        },
        "Submitted By": "Not a registered user"
    },
    "dingding": {
        "id": "sUfUUaFcYU",
        "编号": "4278"
    }
}