{
    "form_submission": {
        "First Name": "Estella",
        "Last Name": "Bold",
        "Email Address": "bold.estella@gmail.com",
        "WhatsApp/Phone NO.": "079 0816 8092",
        "Country": "United Kingdom",
        "Postcode": "",
        "Message": "Your ad message sent to contact forms on millions of sites. It's not as expensive as you think. Contact me at my email or skype below for details. Phil Stewart Skype: live:.cid.e169e59bb6e6d159 Email: psKa25 4zg@gomail2.xyz",
        "Date of Submission": "2024-01-18 07:17:54"
    },
    "extra_information": {
        "Submitted On": {
            "links": [
                {
                    "text": "View Page",
                    "href": "https://www.hktlora.com/contact/"
                },
                {
                    "text": "Edit Page",
                    "href": "https://www.hktlora.com/wp-admin/post.php?action=edit&post=57"
                }
            ],
            "full_text": "Contact (View Page | Edit Page)"
        },
        "Submitted By": "Not a registered user"
    },
    "dingding": {
        "id": "w96lIfm0b3",
        "编号": "4501"
    }
}