{
    "form_submission": {
        "Name": "",
        "Email": "ketheleyraiza@gmail.com",
        "Country": "",
        "Message": "",
        "Date of Submission": "2023-09-22 02:45:27"
    },
    "extra_information": {
        "Submitted On": {
            "links": [
                {
                    "text": "View Page",
                    "href": "https://www.hktlora.com/?elementor_library=float-forms"
                },
                {
                    "text": "Edit Page",
                    "href": "https://www.hktlora.com/wp-admin/post.php?action=edit&post=2390"
                }
            ],
            "full_text": "Quote (View Page | Edit Page)"
        },
        "Submitted By": "Not a registered user"
    },
    "dingding": {
        "id": "u4cH2mKrDW",
        "编号": "4026"
    }
}