{
    "form_submission": {
        "Name": "Andrew",
        "Email": "vanniekerk.andrew@gmail.com",
        "Country": "Canada",
        "Message": "Hi there, looking to buy a smart breaker for my home! We often have power outages. Since I travel a lot, I can't reset the breaker until I get home. Looking for a solution where I can turn the breaker back on remotely. Many thanks, Andrew",
        "Date of Submission": "2023-12-18 10:25:05"
    },
    "extra_information": {
        "Submitted On": {
            "links": [
                {
                    "text": "View Page",
                    "href": "https://www.hktlora.com/?elementor_library=float-forms"
                },
                {
                    "text": "Edit Page",
                    "href": "https://www.hktlora.com/wp-admin/post.php?action=edit&post=2390"
                }
            ],
            "full_text": "Quote (View Page | Edit Page)"
        },
        "Submitted By": "Not a registered user"
    },
    "dingding": {
        "id": "4q0zJ0WQ7l",
        "编号": "4394"
    }
}