{
    "form_submission": {
        "Name": "James",
        "Email": "james.campbell@lcsltduk.com",
        "Country": "UK",
        "Message": "I would like to know how much the LoraWAN Smart Cicuit Breakers are each please",
        "Date of Submission": "2023-12-21 16:53:35"
    },
    "extra_information": {
        "Submitted On": {
            "links": [
                {
                    "text": "View Page",
                    "href": "https://www.hktlora.com/?elementor_library=float-forms"
                },
                {
                    "text": "Edit Page",
                    "href": "https://www.hktlora.com/wp-admin/post.php?action=edit&post=2390"
                }
            ],
            "full_text": "Quote (View Page | Edit Page)"
        },
        "Submitted By": "Not a registered user"
    },
    "dingding": {
        "id": "16Iwj18xQP",
        "编号": "4421"
    }
}