{
    "form_submission": {
        "Name": "Basit mir",
        "Email": "basitmerr32@gmail.com",
        "Country": "India",
        "Message": "I have to start a smart watch bussiness i need prototype i will give you the idea(design concept) of my product and you have to branding my product once i am satisfied i will make a big order.",
        "Date of Submission": "2023-09-05 21:55:32"
    },
    "extra_information": {
        "Submitted On": {
            "links": [
                {
                    "text": "View Page",
                    "href": "https://www.hktlora.com/?elementor_library=float-forms"
                },
                {
                    "text": "Edit Page",
                    "href": "https://www.hktlora.com/wp-admin/post.php?action=edit&post=2390"
                }
            ],
            "full_text": "Quote (View Page | Edit Page)"
        },
        "Submitted By": "Not a registered user"
    },
    "dingding": {
        "id": "bEqaap9Ss3",
        "编号": "3986"
    }
}