{
    "form_submission": {
        "Name": "Sylwia Gomes",
        "Email": "Syluncia@gmail.com",
        "WhatsApp": "",
        "Country": "Ireland",
        "Message": "",
        "Date of Submission": "2023-04-14 21:10:24"
    },
    "extra_information": {
        "Submitted On": {
            "links": [
                {
                    "text": "View Page",
                    "href": "https://www.hktlora.com/?elementor_library=elementor-single-product-248"
                },
                {
                    "text": "Edit Page",
                    "href": "https://www.hktlora.com/wp-admin/post.php?action=edit&post=248"
                }
            ],
            "full_text": "Elementor Single Product #248 (View Page | Edit Page)"
        },
        "Submitted By": "Not a registered user"
    },
    "dingding": {
        "id": "n84VhWHNTt",
        "编号": "1674"
    }
}