{
    "form_submission": {
        "First Name": "Sarvesh",
        "Last Name": "Vibhakar",
        "Email Address": "sarveshvibhakar1@gmail.com",
        "WhatsApp/Phone NO.": "9004006585",
        "Country": "Indian",
        "Postcode": "",
        "Message": "",
        "Date of Submission": "2023-09-03 04:14:40"
    },
    "extra_information": {
        "Submitted On": {
            "links": [
                {
                    "text": "View Page",
                    "href": "https://www.hktlora.com/contact/"
                },
                {
                    "text": "Edit Page",
                    "href": "https://www.hktlora.com/wp-admin/post.php?action=edit&post=57"
                }
            ],
            "full_text": "Contact (View Page | Edit Page)"
        },
        "Submitted By": "Not a registered user"
    },
    "dingding": {
        "id": "PCDrXdUDrF",
        "编号": "3975"
    }
}