{
    "form_submission": {
        "First Name": "Dr. Miguel",
        "Last Name": "Cardoso",
        "Email Address": "geral@mc2solucoesdigitais.com",
        "WhatsApp/Phone NO.": "+447870434046",
        "Country": "Portugal",
        "Postcode": "5100",
        "Message": "Dear Sir/ Madam I would appreciate it if you could send me the general terms for becoming a partner. Thank you Migul Cardoso",
        "Date of Submission": "2023-11-06 05:30:58"
    },
    "extra_information": {
        "Submitted On": {
            "links": [
                {
                    "text": "View Page",
                    "href": "https://www.hktlora.com/distributor/"
                },
                {
                    "text": "Edit Page",
                    "href": "https://www.hktlora.com/wp-admin/post.php?action=edit&post=389"
                }
            ],
            "full_text": "Distributor (View Page | Edit Page)"
        },
        "Submitted By": "Not a registered user"
    },
    "dingding": {
        "id": "QU0htD2i5y",
        "编号": "4233"
    }
}