{
    "form_submission": {
        "First Name": "anna",
        "Last Name": "jack",
        "Email Address": "annajackpaidpost@gmail.com",
        "WhatsApp/Phone NO.": "3445465667",
        "Country": "3445465667",
        "Postcode": "38000",
        "Message": "I am removing your post Link https://metapress.com/lorawan-smart-watch-facilitating-real-time-healthcare-with-iot-technology/ i still have not received payment to this article. Kindly contact me asp. annajackpaidpost@gmail.com otherwise I will remove all your links to my Websites .",
        "Date of Submission": "2023-09-12 16:36:42"
    },
    "extra_information": {
        "Submitted On": {
            "links": [
                {
                    "text": "View Page",
                    "href": "https://www.hktlora.com/contact/"
                },
                {
                    "text": "Edit Page",
                    "href": "https://www.hktlora.com/wp-admin/post.php?action=edit&post=57"
                }
            ],
            "full_text": "Contact (View Page | Edit Page)"
        },
        "Submitted By": "Not a registered user"
    },
    "dingding": {
        "id": "GKliAiaTIB",
        "编号": "3996"
    }
}