{
    "form_submission": {
        "Name": "Waldemar da Costa Ferreira Júnior",
        "Email": "waldemarjunior15@icloud.com",
        "Country": "1974@Junior",
        "Message": "35998465540",
        "Date of Submission": "2023-09-08 23:32:02"
    },
    "extra_information": {
        "Submitted On": {
            "links": [
                {
                    "text": "View Page",
                    "href": "https://www.hktlora.com/?elementor_library=float-forms"
                },
                {
                    "text": "Edit Page",
                    "href": "https://www.hktlora.com/wp-admin/post.php?action=edit&post=2390"
                }
            ],
            "full_text": "Quote (View Page | Edit Page)"
        },
        "Submitted By": "Not a registered user"
    },
    "dingding": {
        "id": "u8h3wsEswC",
        "编号": "3993"
    }
}