{
    "form_submission": {
        "Name": "Tigran Ayrapetyan",
        "Comapny": "ujn2esbgakah@opayq.com",
        "Email Address": "ujn2esbgakah@opayq.com",
        "Country": "Bahrain",
        "Message": "Hello, We provide funding through our venture capital company to both start-up and existing companies either looking for funding for expansion or to accelerate growth in their company. We have a structured joint venture investment plan in which we are interested in an annual return on investment not more than 10% ROI. We are also currently structuring a convertible debt and loan financing of 3% interest repayable annually with no early repayment penalties. We would like to review your business plan or executive summary to understand a much better idea of your business and what you are looking to do, this will assist in determining the best possible investment structure we can pursue and discuss more extensively. I hope to hear back from you soon. Sincerely, Tigran Ayrapetyan Investment Director Devcorp International W.L.L. P.O Box 10236 Shop No. 305 Flr 3 Manama Centre, Bahrain Email: ayrapetyantigran99@gmail.com",
        "Date of Submission": "2024-02-20 09:48:33"
    },
    "extra_information": {
        "Submitted On": {
            "links": [
                {
                    "text": "View Page",
                    "href": "https://www.hktlora.com/"
                },
                {
                    "text": "Edit Page",
                    "href": "https://www.hktlora.com/wp-admin/post.php?action=edit&post=46"
                }
            ],
            "full_text": "Home (View Page | Edit Page)"
        },
        "Submitted By": "Not a registered user"
    },
    "dingding": {
        "id": "Ob9UR5Mdfh",
        "编号": "4595"
    }
}