{
    "form_submission": {
        "First Name": "Zaheer",
        "Last Name": "AbdulHashim",
        "Email Address": "hashim@aptiveight.com",
        "WhatsApp/Phone NO.": "+6587993586",
        "Country": "Singapore",
        "Postcode": "530244",
        "Message": "Hi there, looking for LORAWAN enabled sensors to deploy in Singapore project.",
        "Date of Submission": "2023-10-26 12:49:39"
    },
    "extra_information": {
        "Submitted On": {
            "links": [
                {
                    "text": "View Page",
                    "href": "https://www.hktlora.com/contact/"
                },
                {
                    "text": "Edit Page",
                    "href": "https://www.hktlora.com/wp-admin/post.php?action=edit&post=57"
                }
            ],
            "full_text": "Contact (View Page | Edit Page)"
        },
        "Submitted By": "Not a registered user"
    },
    "dingding": {
        "id": "0j2Rk4QP3y",
        "编号": "4212"
    }
}