{
    "form_submission": {
        "Name": "Umesh jain",
        "Email": "mobilecare7@gmail.com",
        "Country": "Rajesh watch",
        "Message": "All smart watches information",
        "Date of Submission": "2023-11-16 10:10:00"
    },
    "extra_information": {
        "Submitted On": {
            "links": [
                {
                    "text": "View Page",
                    "href": "https://www.hktlora.com/?elementor_library=float-forms"
                },
                {
                    "text": "Edit Page",
                    "href": "https://www.hktlora.com/wp-admin/post.php?action=edit&post=2390"
                }
            ],
            "full_text": "Quote (View Page | Edit Page)"
        },
        "Submitted By": "Not a registered user"
    },
    "dingding": {
        "id": "BHucq2iI0a",
        "编号": "4260"
    }
}