{
    "form_submission": {
        "Name": "test",
        "Comapny": "11@11",
        "Email Address": "test@gmail.com",
        "Country": "中国",
        "Message": "2",
        "Date of Submission": "2023-06-27 11:20:09"
    },
    "extra_information": {
        "Submitted On": {
            "links": [
                {
                    "text": "View Page",
                    "href": "https://www.hktlora.com/"
                },
                {
                    "text": "Edit Page",
                    "href": "https://www.hktlora.com/wp-admin/post.php?action=edit&post=46"
                }
            ],
            "full_text": "Home (View Page | Edit Page)"
        },
        "Submitted By": {
            "links": [
                {
                    "text": "View User Profiile",
                    "href": "https://www.hktlora.com/wp-admin/user-edit.php?user_id=1"
                },
                {
                    "text": "View 10 more submissions by this user",
                    "href": null
                }
            ],
            "full_text": "ehaitech (View User Profiile | View 10 more submissions by this user)"
        }
    },
    "dingding": {
        "id": "p7UUKVqmFN",
        "编号": "3215"
    }
}