{
    "form_submission": {
        "First Name": "Boonlada",
        "Last Name": "Vechvitayakhung",
        "Email Address": "air@ideas-house.com",
        "WhatsApp/Phone NO.": "0863583354",
        "Country": "Thailand",
        "Postcode": "10120",
        "Message": "We are iot solution in thailand. I want to use your product to purpose to our customer. Could you please sent me the detail that you want if we want to be a partner",
        "Date of Submission": "2023-10-26 10:40:13"
    },
    "extra_information": {
        "Submitted On": {
            "links": [
                {
                    "text": "View Page",
                    "href": "https://www.hktlora.com/distributor/"
                },
                {
                    "text": "Edit Page",
                    "href": "https://www.hktlora.com/wp-admin/post.php?action=edit&post=389"
                }
            ],
            "full_text": "Distributor (View Page | Edit Page)"
        },
        "Submitted By": "Not a registered user"
    },
    "dingding": {
        "id": "LBNqei25Mt",
        "编号": "4211"
    }
}