{
    "form_submission": {
        "Name": "Devendra Bijoy Padhi",
        "Email": "devendra.ec@sgaoa.org",
        "Country": "India",
        "Message": "Looking for water meter installation for a residential building",
        "Date of Submission": "2023-12-19 04:08:16"
    },
    "extra_information": {
        "Submitted On": {
            "links": [
                {
                    "text": "View Page",
                    "href": "https://www.hktlora.com/?elementor_library=float-forms"
                },
                {
                    "text": "Edit Page",
                    "href": "https://www.hktlora.com/wp-admin/post.php?action=edit&post=2390"
                }
            ],
            "full_text": "Quote (View Page | Edit Page)"
        },
        "Submitted By": "Not a registered user"
    },
    "dingding": {
        "id": "Qh1cnEP2VA",
        "编号": "4397"
    }
}