{
    "form_submission": {
        "Name": "christo",
        "Email": "christo@wi360.net",
        "Country": "Botswana",
        "Message": "Good day I am looing for pricing for (HKT BC-100 LoRaWAN Bio Capsule Captures cattle activity, rumen temperature, and movement data, sending it to a LoRaWAN gateway. 14 MOA Meat/UB)",
        "Date of Submission": "2024-02-12 14:52:44"
    },
    "extra_information": {
        "Submitted On": {
            "links": [
                {
                    "text": "View Page",
                    "href": "https://www.hktlora.com/?elementor_library=float-forms"
                },
                {
                    "text": "Edit Page",
                    "href": "https://www.hktlora.com/wp-admin/post.php?action=edit&post=2390"
                }
            ],
            "full_text": "Quote (View Page | Edit Page)"
        },
        "Submitted By": "Not a registered user"
    },
    "dingding": {
        "id": "kcAlj22ivc",
        "编号": "4567"
    }
}