{
    "form_submission": {
        "Name": "Yildirim Yolcu",
        "Email": "yildirimyolcu@kreativiot.com",
        "Country": "Turkey",
        "Message": "Hello, I am seeking a LORA based GPS tracker for lone workers to track them in our clients wide open area. We are planning to use this tracker as a necklace, watch or on helmet. Additional required features are man down detection, non-movement detection. Could you please share your prices and technical data sheets for all your possible products?",
        "Date of Submission": "2023-10-07 16:07:30"
    },
    "extra_information": {
        "Submitted On": {
            "links": [
                {
                    "text": "View Page",
                    "href": "https://www.hktlora.com/?elementor_library=float-forms"
                },
                {
                    "text": "Edit Page",
                    "href": "https://www.hktlora.com/wp-admin/post.php?action=edit&post=2390"
                }
            ],
            "full_text": "Quote (View Page | Edit Page)"
        },
        "Submitted By": "Not a registered user"
    },
    "dingding": {
        "id": "l2XpKPdYWT",
        "编号": "4061"
    }
}