{
    "form_submission": {
        "Name": "Max Rafati",
        "Email": "mh.rafati@gmail.com",
        "Country": "Canada",
        "Message": "I would like to purchase one sample for residential home application. what is the price",
        "Date of Submission": "2023-11-24 14:28:20"
    },
    "extra_information": {
        "Submitted On": {
            "links": [
                {
                    "text": "View Page",
                    "href": "https://www.hktlora.com/?elementor_library=float-forms"
                },
                {
                    "text": "Edit Page",
                    "href": "https://www.hktlora.com/wp-admin/post.php?action=edit&post=2390"
                }
            ],
            "full_text": "Quote (View Page | Edit Page)"
        },
        "Submitted By": "Not a registered user"
    },
    "dingding": {
        "id": "ww0C6HwlAy",
        "编号": "4311"
    }
}