{
    "form_submission": {
        "First Name": "Jnanesh Gowda",
        "Last Name": "S M",
        "Email Address": "darshansky28@gmail.com",
        "WhatsApp/Phone NO.": "6363376961",
        "Country": "India",
        "Postcode": "572130",
        "Message": "",
        "Date of Submission": "2023-12-17 12:27:32"
    },
    "extra_information": {
        "Submitted On": {
            "links": [
                {
                    "text": "View Page",
                    "href": "https://www.hktlora.com/contact/"
                },
                {
                    "text": "Edit Page",
                    "href": "https://www.hktlora.com/wp-admin/post.php?action=edit&post=57"
                }
            ],
            "full_text": "Contact (View Page | Edit Page)"
        },
        "Submitted By": "Not a registered user"
    },
    "dingding": {
        "id": "bfOIWgusTP",
        "编号": "4389"
    }
}