{
    "form_submission": {
        "First Name": "sujit",
        "Last Name": "barnwal",
        "Email Address": "info@anagatps.com",
        "WhatsApp/Phone NO.": "8103091946",
        "Country": "India",
        "Postcode": "122052",
        "Message": "I need some temperature sensor on Lora wan technology .",
        "Date of Submission": "2023-10-17 15:22:11"
    },
    "extra_information": {
        "Submitted On": {
            "links": [
                {
                    "text": "View Page",
                    "href": "https://www.hktlora.com/contact/"
                },
                {
                    "text": "Edit Page",
                    "href": "https://www.hktlora.com/wp-admin/post.php?action=edit&post=57"
                }
            ],
            "full_text": "Contact (View Page | Edit Page)"
        },
        "Submitted By": "Not a registered user"
    },
    "dingding": {
        "id": "CgcKFQ2NXq",
        "编号": "4130"
    }
}