{
    "form_submission": {
        "First Name": "Ben",
        "Last Name": "Holbrook",
        "Email Address": "Bcholbrook@gmail.com",
        "WhatsApp/Phone NO.": "‪+1 (513) 404‑5076‬",
        "Country": "United States",
        "Postcode": "94941",
        "Message": "I would like to learn about your Lora smart watch. Can it receive and show simple 3 digit feeds via LoraWan to the screen? I would like to buy one and try to program this. It is programmable? Call or email ben@trackiq.co",
        "Date of Submission": "2023-10-16 05:04:38"
    },
    "extra_information": {
        "Submitted On": {
            "links": [
                {
                    "text": "View Page",
                    "href": "https://www.hktlora.com/contact/"
                },
                {
                    "text": "Edit Page",
                    "href": "https://www.hktlora.com/wp-admin/post.php?action=edit&post=57"
                }
            ],
            "full_text": "Contact (View Page | Edit Page)"
        },
        "Submitted By": "Not a registered user"
    },
    "dingding": {
        "id": "sR7gokoSmG",
        "编号": "4119"
    }
}