{
    "form_submission": {
        "First Name": "Peter",
        "Last Name": "O'Neill",
        "Email Address": "oneill.trista@googlemail.com",
        "WhatsApp/Phone NO.": "40-45-47-18",
        "Country": "Denmark",
        "Postcode": "",
        "Message": "Hire now > https://digitalpromax.co/la/ › seo-packages > Monthly SEO Services We offer a premium suite of monthly SEO packages designed to help any kind of business generate more traffic, conversions, and sales online. Full-Service SEO Partners | Top-Ranked SEO Agencies Responsive & Proactive SEO Agencies. Verified client reviews to help you find an SEO firm. Content writing. Technical SEO. Full Speed Growth · Faster Growth Pack Guaranteed · We also do eCommerce Website Development & Web Design Services Contact now > https://www.outerboxdesign.com › Ecommerce-Eebsite-Development We're the Leading eCommerce Website Design Company & eCommerce Website Development Agency. 50+ Employees In-House. 20+ Years in Business. Unlimited Categories/ Products. Payment gateway Integration.",
        "Date of Submission": "2024-02-10 00:12:47"
    },
    "extra_information": {
        "Submitted On": {
            "links": [
                {
                    "text": "View Page",
                    "href": "https://www.hktlora.com/contact/"
                },
                {
                    "text": "Edit Page",
                    "href": "https://www.hktlora.com/wp-admin/post.php?action=edit&post=57"
                }
            ],
            "full_text": "Contact (View Page | Edit Page)"
        },
        "Submitted By": "Not a registered user"
    },
    "dingding": {
        "id": "kC1KIk0U6O",
        "编号": "4561"
    }
}