{
    "form_submission": {
        "Name": "Robertcep",
        "Comapny": "alfredegov@gmail.com",
        "Email Address": "alfredegov@gmail.com",
        "Country": "Georgia",
        "Message": "Sveiki, es gribēju zināt savu cenu.",
        "Date of Submission": "2023-07-23 20:41:36"
    },
    "extra_information": {
        "Submitted On": {
            "links": [
                {
                    "text": "View Page",
                    "href": "https://www.hktlora.com/"
                },
                {
                    "text": "Edit Page",
                    "href": "https://www.hktlora.com/wp-admin/post.php?action=edit&post=46"
                }
            ],
            "full_text": "Home (View Page | Edit Page)"
        },
        "Submitted By": "Not a registered user"
    },
    "dingding": {
        "id": "QPY500F9QB",
        "编号": "3813"
    }
}