{
    "form_submission": {
        "Name": "inonryHone",
        "Comapny": "0un7qex4@icloud.com",
        "Email Address": "0un7qex4@icloud.com",
        "Country": "Madagascar",
        "Message": "Hi, this is Anna. I am sending you my intimate photos as I promised. https://tinyurl.com/yorst5u2",
        "Date of Submission": "2024-02-03 19:04:06"
    },
    "extra_information": {
        "Submitted On": {
            "links": [
                {
                    "text": "View Page",
                    "href": "https://www.hktlora.com/"
                },
                {
                    "text": "Edit Page",
                    "href": "https://www.hktlora.com/wp-admin/post.php?action=edit&post=46"
                }
            ],
            "full_text": "Home (View Page | Edit Page)"
        },
        "Submitted By": "Not a registered user"
    },
    "dingding": {
        "id": "Mpl0C2x84T",
        "编号": "4543"
    }
}