{
    "form_submission": {
        "First Name": "test",
        "Last Name": "test",
        "Email Address": "test@test.com",
        "WhatsApp/Phone NO.": "122334455",
        "Country": "China",
        "Postcode": "510800",
        "Message": "test",
        "Date of Submission": "2023-06-29 12:20:48"
    },
    "extra_information": {
        "Submitted On": {
            "links": [
                {
                    "text": "View Page",
                    "href": "https://www.hktlora.com/contact/"
                },
                {
                    "text": "Edit Page",
                    "href": "https://www.hktlora.com/wp-admin/post.php?action=edit&post=57"
                }
            ],
            "full_text": "Contact (View Page | Edit Page)"
        },
        "Submitted By": "Not a registered user"
    },
    "dingding": {
        "id": "90Bq8Dp3uU",
        "编号": "3361"
    }
}