{
    "form_submission": {
        "First Name": "Sandeep",
        "Last Name": "Kharat",
        "Email Address": "sanlec2008@gmail.com",
        "WhatsApp/Phone NO.": "9922908571",
        "Country": "India",
        "Postcode": "411019",
        "Message": "Iot products all",
        "Date of Submission": "2023-11-23 10:22:00"
    },
    "extra_information": {
        "Submitted On": {
            "links": [
                {
                    "text": "View Page",
                    "href": "https://www.hktlora.com/contact/"
                },
                {
                    "text": "Edit Page",
                    "href": "https://www.hktlora.com/wp-admin/post.php?action=edit&post=57"
                }
            ],
            "full_text": "Contact (View Page | Edit Page)"
        },
        "Submitted By": "Not a registered user"
    },
    "dingding": {
        "id": "JTTcG4EplE",
        "编号": "4306"
    }
}