{
    "form_submission": {
        "Name": "ERICK ENRIQUEZ",
        "Email": "erickeo@gmail.com",
        "Country": "Perú",
        "Message": "Please quote the Lorawan Smart Door Lock (also include the price for one unit for testing) and One Lorawan Outdoor Gateway.",
        "Date of Submission": "2024-02-09 04:34:38"
    },
    "extra_information": {
        "Submitted On": {
            "links": [
                {
                    "text": "View Page",
                    "href": "https://www.hktlora.com/?elementor_library=float-forms"
                },
                {
                    "text": "Edit Page",
                    "href": "https://www.hktlora.com/wp-admin/post.php?action=edit&post=2390"
                }
            ],
            "full_text": "Quote (View Page | Edit Page)"
        },
        "Submitted By": "Not a registered user"
    },
    "dingding": {
        "id": "mKSTOWJmqh",
        "编号": "4556"
    }
}