{
    "form_submission": {
        "Name": "Kundan kumar sah",
        "Email": "kundankumar7200209155@giml.com",
        "WhatsApp": "7200209155",
        "Country": "India",
        "Message": "",
        "Date of Submission": "2023-08-24 13:52:26"
    },
    "extra_information": {
        "Submitted On": {
            "links": [
                {
                    "text": "View Page",
                    "href": "https://www.hktlora.com/services/"
                },
                {
                    "text": "Edit Page",
                    "href": "https://www.hktlora.com/wp-admin/post.php?action=edit&post=48"
                }
            ],
            "full_text": "Services (View Page | Edit Page)"
        },
        "Submitted By": "Not a registered user"
    },
    "dingding": {
        "id": "8k0eIHECb7",
        "编号": "3948"
    }
}