{
    "form_submission": {
        "Name": "Andy Oakes",
        "Email": "andy.oakes@polygongroup.com",
        "Country": "United Kingdom",
        "Message": "Hi - how much are the IAQ sensors to buy? I would be looking at 100No",
        "Date of Submission": "2023-10-23 19:58:12"
    },
    "extra_information": {
        "Submitted On": {
            "links": [
                {
                    "text": "View Page",
                    "href": "https://www.hktlora.com/?elementor_library=float-forms"
                },
                {
                    "text": "Edit Page",
                    "href": "https://www.hktlora.com/wp-admin/post.php?action=edit&post=2390"
                }
            ],
            "full_text": "Quote (View Page | Edit Page)"
        },
        "Submitted By": "Not a registered user"
    },
    "dingding": {
        "id": "6Zy0Gp1ZgK",
        "编号": "4143"
    }
}