{
    "form_submission": {
        "Name": "Grace Cruz",
        "Email": "gracecruz1216@yahoo.com",
        "Country": "Philippines",
        "Message": "How much is one set?",
        "Date of Submission": "2023-12-03 21:12:54"
    },
    "extra_information": {
        "Submitted On": {
            "links": [
                {
                    "text": "View Page",
                    "href": "https://www.hktlora.com/?elementor_library=float-forms"
                },
                {
                    "text": "Edit Page",
                    "href": "https://www.hktlora.com/wp-admin/post.php?action=edit&post=2390"
                }
            ],
            "full_text": "Quote (View Page | Edit Page)"
        },
        "Submitted By": "Not a registered user"
    },
    "dingding": {
        "id": "PNXXRtRYYB",
        "编号": "4355"
    }
}