{
    "form_submission": {
        "First Name": "Abi",
        "Last Name": "R",
        "Email Address": "contentwriting011994@outlook.com",
        "WhatsApp/Phone NO.": "0320 1164060",
        "Country": "Italy",
        "Postcode": "",
        "Message": "Hello, I'm Abi, an English SEO copywriter and content writer. I excel in crafting blogs, articles, e-commerce product descriptions, SEO content, website content, business service descriptions, newsletter content, brochures, proofreading, social media captions, LinkedIn content, and SOPs. My rate is USD 20 for every 1000 words of content. If you don't have time to plan out your content, we can help you with that. Feel free to email me at Contentwriting011994@outlook.com with any current requirements. Thanks, Abi",
        "Date of Submission": "2024-01-12 06:31:31"
    },
    "extra_information": {
        "Submitted On": {
            "links": [
                {
                    "text": "View Page",
                    "href": "https://www.hktlora.com/contact/"
                },
                {
                    "text": "Edit Page",
                    "href": "https://www.hktlora.com/wp-admin/post.php?action=edit&post=57"
                }
            ],
            "full_text": "Contact (View Page | Edit Page)"
        },
        "Submitted By": "Not a registered user"
    },
    "dingding": {
        "id": "YuSMSwY0lg",
        "编号": "4466"
    }
}