{
    "form_submission": {
        "Name": "Maurizio",
        "Email": "mauriziogiacobbeing@gmail.com",
        "Country": "Italy",
        "Message": "Please, May I have a quote for One health smartwatch? Moreover, I need to know its LoRawan communication nd power management specifics thus to connect It with my LoRa gateway. Thank you in advance, Best Regards.",
        "Date of Submission": "2023-10-22 03:49:58"
    },
    "extra_information": {
        "Submitted On": {
            "links": [
                {
                    "text": "View Page",
                    "href": "https://www.hktlora.com/?elementor_library=float-forms"
                },
                {
                    "text": "Edit Page",
                    "href": "https://www.hktlora.com/wp-admin/post.php?action=edit&post=2390"
                }
            ],
            "full_text": "Quote (View Page | Edit Page)"
        },
        "Submitted By": "Not a registered user"
    },
    "dingding": {
        "id": "76VbeQIkp1",
        "编号": "4139"
    }
}