{
    "form_submission": {
        "Name": "",
        "Email": "nahirep@hotmail.com",
        "Country": "Muğla/Menteşe",
        "Message": "",
        "Date of Submission": "2023-12-04 00:21:34"
    },
    "extra_information": {
        "Submitted On": {
            "links": [
                {
                    "text": "View Page",
                    "href": "https://www.hktlora.com/?elementor_library=float-forms"
                },
                {
                    "text": "Edit Page",
                    "href": "https://www.hktlora.com/wp-admin/post.php?action=edit&post=2390"
                }
            ],
            "full_text": "Quote (View Page | Edit Page)"
        },
        "Submitted By": "Not a registered user"
    },
    "dingding": {
        "id": "QSJVBUwXVl",
        "编号": "4357"
    }
}