{
    "form_submission": {
        "First Name": "Eve",
        "Last Name": "Yi",
        "Email Address": "yi.eve@gmail.com",
        "WhatsApp/Phone NO.": "(08) 9015 6696",
        "Country": "Australia",
        "Postcode": "",
        "Message": "If you want to earn 5.1% on your cash Public has a fee-free treasury account. Fund an account with $25 and you’ll be entered to win $50! Click here to sign up: shorturl.at/ktR25 One lucky winner will be selected this month. Terms and conditions apply.",
        "Date of Submission": "2024-01-22 11:21:21"
    },
    "extra_information": {
        "Submitted On": {
            "links": [
                {
                    "text": "View Page",
                    "href": "https://www.hktlora.com/contact/"
                },
                {
                    "text": "Edit Page",
                    "href": "https://www.hktlora.com/wp-admin/post.php?action=edit&post=57"
                }
            ],
            "full_text": "Contact (View Page | Edit Page)"
        },
        "Submitted By": "Not a registered user"
    },
    "dingding": {
        "id": "LjJlpZvPmz",
        "编号": "4517"
    }
}