{
    "form_submission": {
        "Name": "Leonardo Augusto Freitas Peixoto",
        "Email": "leoaugustobr@gmail.com",
        "Country": "Brazil",
        "Message": "Hello, I would like to know more information and values ​​of the LoRaWAN GPS Cattle Tracker and LoRaWAN Outdoor Gateway product, minimum purchase quantity and whether you provide management software. I stay in the water",
        "Date of Submission": "2024-01-03 22:14:52"
    },
    "extra_information": {
        "Submitted On": {
            "links": [
                {
                    "text": "View Page",
                    "href": "https://www.hktlora.com/?elementor_library=float-forms"
                },
                {
                    "text": "Edit Page",
                    "href": "https://www.hktlora.com/wp-admin/post.php?action=edit&post=2390"
                }
            ],
            "full_text": "Quote (View Page | Edit Page)"
        },
        "Submitted By": "Not a registered user"
    },
    "dingding": {
        "id": "xDRwcwOc6h",
        "编号": "4447"
    }
}