{
    "form_submission": {
        "Name": "Horacio",
        "Email": "horacioreyes@gmail.com",
        "Country": "Mexico",
        "Message": "lorawan water meter sensor mod ML-107G How much does it cost?For one and for 1000 please",
        "Date of Submission": "2023-11-24 06:14:32"
    },
    "extra_information": {
        "Submitted On": {
            "links": [
                {
                    "text": "View Page",
                    "href": "https://www.hktlora.com/?elementor_library=float-forms"
                },
                {
                    "text": "Edit Page",
                    "href": "https://www.hktlora.com/wp-admin/post.php?action=edit&post=2390"
                }
            ],
            "full_text": "Quote (View Page | Edit Page)"
        },
        "Submitted By": "Not a registered user"
    },
    "dingding": {
        "id": "nFUCJhkfwW",
        "编号": "4309"
    }
}