{
    "form_submission": {
        "First Name": "Wilmer",
        "Last Name": "Upshaw",
        "Email Address": "wilmer.upshaw@hotmail.com",
        "WhatsApp/Phone NO.": "077 4858 7885",
        "Country": "United Kingdom",
        "Postcode": "",
        "Message": "Hi, Are your backlinks really generating traffic and leads for you? Not Sure! Ill help you understand it with a FREE SEO Report, Competitive Analysis and Optimization Recommendations for Any 1 Keyword. Ill even help you build a SEO Campaign for Free! Interested? Lets connect on Email: sales-tmdigital@outlook.com or Call: +1 315 633 4407",
        "Date of Submission": "2024-01-08 17:56:37"
    },
    "extra_information": {
        "Submitted On": {
            "links": [
                {
                    "text": "View Page",
                    "href": "https://www.hktlora.com/contact/"
                },
                {
                    "text": "Edit Page",
                    "href": "https://www.hktlora.com/wp-admin/post.php?action=edit&post=57"
                }
            ],
            "full_text": "Contact (View Page | Edit Page)"
        },
        "Submitted By": "Not a registered user"
    },
    "dingding": {
        "id": "G9vGQUnrBM",
        "编号": "4454"
    }
}