{
    "form_submission": {
        "Name": "Anne",
        "Email": "annebalverde81@gmail.com",
        "Country": "Philippines",
        "Message": "Bulk for male and woman",
        "Date of Submission": "2023-09-21 07:52:16"
    },
    "extra_information": {
        "Submitted On": {
            "links": [
                {
                    "text": "View Page",
                    "href": "https://www.hktlora.com/?elementor_library=float-forms"
                },
                {
                    "text": "Edit Page",
                    "href": "https://www.hktlora.com/wp-admin/post.php?action=edit&post=2390"
                }
            ],
            "full_text": "Quote (View Page | Edit Page)"
        },
        "Submitted By": "Not a registered user"
    },
    "dingding": {
        "id": "4qiZM4n0m7",
        "编号": "4023"
    }
}