{
    "form_submission": {
        "Name": "Sophie",
        "Email": "sophieehaywoodd@gmail.com",
        "WhatsApp": "07828282267",
        "Country": "United Kingdom",
        "Message": "I would like slats to be 3m in height and I need them to cover a wall that’s 5.5 m wide, I would like them in the shade CYA-W009 thanks",
        "Date of Submission": "2023-02-01 18:21:17"
    },
    "extra_information": {
        "Submitted On": {
            "links": [
                {
                    "text": "View Page",
                    "href": "https://www.hktlora.com/?elementor_library=elementor-single-product-248"
                },
                {
                    "text": "Edit Page",
                    "href": "https://www.hktlora.com/wp-admin/post.php?action=edit&post=248"
                }
            ],
            "full_text": "Elementor Single Product #248 (View Page | Edit Page)"
        },
        "Submitted By": "Not a registered user"
    },
    "dingding": {
        "id": "gA8rBGpodg",
        "编号": "1441"
    }
}