{
    "form_submission": {
        "Name": "Ali",
        "Email": "ibrahimali.fawaz12@gmail.com",
        "Country": "Canada",
        "Message": "I want to know if I can integrate with your locks via API",
        "Date of Submission": "2023-12-09 09:41:37"
    },
    "extra_information": {
        "Submitted On": {
            "links": [
                {
                    "text": "View Page",
                    "href": "https://www.hktlora.com/?elementor_library=float-forms"
                },
                {
                    "text": "Edit Page",
                    "href": "https://www.hktlora.com/wp-admin/post.php?action=edit&post=2390"
                }
            ],
            "full_text": "Quote (View Page | Edit Page)"
        },
        "Submitted By": "Not a registered user"
    },
    "dingding": {
        "id": "yQEysPxs5v",
        "编号": "4375"
    }
}