{
    "form_submission": {
        "Name": "Kevin McLean",
        "Email": "kevinbmclean@rogers.com",
        "Country": "Canada",
        "Message": "I would like to purchase this and know if it will work in my breaker",
        "Date of Submission": "2023-12-02 01:44:29"
    },
    "extra_information": {
        "Submitted On": {
            "links": [
                {
                    "text": "View Page",
                    "href": "https://www.hktlora.com/?elementor_library=float-forms"
                },
                {
                    "text": "Edit Page",
                    "href": "https://www.hktlora.com/wp-admin/post.php?action=edit&post=2390"
                }
            ],
            "full_text": "Quote (View Page | Edit Page)"
        },
        "Submitted By": "Not a registered user"
    },
    "dingding": {
        "id": "R2soEM32BH",
        "编号": "4347"
    }
}