{
    "form_submission": {
        "Name": "Mike Oswald",
        "Comapny": "petertwipse@gmail.com",
        "Email Address": "petertwipse@gmail.com",
        "Country": "United States",
        "Message": "Howdy I have just analyzed hktlora.com for its SEO Trend and saw that your website could use a push. We will improve your ranks organically and safely, using only state of the art AI and whitehat methods, while providing monthly reports and outstanding support. More info: https://www.digital-x-press.com/unbeatable-seo/ Regards Mike Oswald Digital X SEO Experts",
        "Date of Submission": "2023-11-10 12:43:22"
    },
    "extra_information": {
        "Submitted On": {
            "links": [
                {
                    "text": "View Page",
                    "href": "https://www.hktlora.com/"
                },
                {
                    "text": "Edit Page",
                    "href": "https://www.hktlora.com/wp-admin/post.php?action=edit&post=46"
                }
            ],
            "full_text": "Home (View Page | Edit Page)"
        },
        "Submitted By": "Not a registered user"
    },
    "dingding": {
        "id": "e8igE8mqXQ",
        "编号": "4248"
    }
}