{
    "form_submission": {
        "Name": "Gerry Colucci",
        "Email": "whitetiger8405@icloud.com",
        "Country": "United States",
        "Message": "",
        "Date of Submission": "2023-09-27 14:00:52"
    },
    "extra_information": {
        "Submitted On": {
            "links": [
                {
                    "text": "View Page",
                    "href": "https://www.hktlora.com/?elementor_library=float-forms"
                },
                {
                    "text": "Edit Page",
                    "href": "https://www.hktlora.com/wp-admin/post.php?action=edit&post=2390"
                }
            ],
            "full_text": "Quote (View Page | Edit Page)"
        },
        "Submitted By": "Not a registered user"
    },
    "dingding": {
        "id": "vrBsVsQX3K",
        "编号": "4038"
    }
}