{
    "form_submission": {
        "First Name": "Sidley",
        "Last Name": "Pinto",
        "Email Address": "pinto.maricruz86@outlook.com",
        "WhatsApp/Phone NO.": "070 1875 4885",
        "Country": "United Kingdom",
        "Postcode": "",
        "Message": "Hello Everyone! Thank you for taking the time to read this. We're an online marketing agency which specializes in Search Engine Optimization. We've been in the SEO business providing high quality SEO Services building successful SEO campaigns for over 15 years and have completed over 31,000 orders while serving 1000s of highly satisfied clients. If you have any questions please contact us and we'll get back to you ASAP. Contact us at https://digitalpromax.co/lb/",
        "Date of Submission": "2024-01-12 23:02:17"
    },
    "extra_information": {
        "Submitted On": {
            "links": [
                {
                    "text": "View Page",
                    "href": "https://www.hktlora.com/contact/"
                },
                {
                    "text": "Edit Page",
                    "href": "https://www.hktlora.com/wp-admin/post.php?action=edit&post=57"
                }
            ],
            "full_text": "Contact (View Page | Edit Page)"
        },
        "Submitted By": "Not a registered user"
    },
    "dingding": {
        "id": "FcaH22SQUD",
        "编号": "4468"
    }
}