{
    "form_submission": {
        "Name": "Philcep",
        "Comapny": "draikkimr976@gmail.com",
        "Email Address": "draikkimr976@gmail.com",
        "Country": "Poland",
        "Message": "Zdravo, htio sam znati vašu cijenu.",
        "Date of Submission": "2023-09-13 21:21:26"
    },
    "extra_information": {
        "Submitted On": {
            "links": [
                {
                    "text": "View Page",
                    "href": "https://www.hktlora.com/"
                },
                {
                    "text": "Edit Page",
                    "href": "https://www.hktlora.com/wp-admin/post.php?action=edit&post=46"
                }
            ],
            "full_text": "Home (View Page | Edit Page)"
        },
        "Submitted By": "Not a registered user"
    },
    "dingding": {
        "id": "JP7ZLL8uMG",
        "编号": "4003"
    }
}