{
    "form_submission": {
        "First Name": "Hugh",
        "Last Name": "Poff",
        "Email Address": "poff.hugh@gmail.com",
        "WhatsApp/Phone NO.": "Izjes Xga nce",
        "Country": "Austria",
        "Postcode": "",
        "Message": "Contact form blasts work! I can put your ad message in front of millions for less than $100 the same way I just put this message in front of you! Reach out to me via Skype or Email for details. P. Stewart Skype: live:.cid.e169e59bb6e6d159 Email: ps5202@gomail2.xyz",
        "Date of Submission": "2024-01-08 23:57:58"
    },
    "extra_information": {
        "Submitted On": {
            "links": [
                {
                    "text": "View Page",
                    "href": "https://www.hktlora.com/contact/"
                },
                {
                    "text": "Edit Page",
                    "href": "https://www.hktlora.com/wp-admin/post.php?action=edit&post=57"
                }
            ],
            "full_text": "Contact (View Page | Edit Page)"
        },
        "Submitted By": "Not a registered user"
    },
    "dingding": {
        "id": "C5PPAQwHY6",
        "编号": "4455"
    }
}