{
    "form_submission": {
        "Name": "BestFarmshalo",
        "Comapny": "iunskiygipertonik@gmail.com",
        "Email Address": "iunskiygipertonik@gmail.com",
        "Country": "United States",
        "Message": "Viagra buy, discount! without prescription. Cialis buy, discount! without prescription. Viagra Professional buy, discount! without prescription. Cialis Professional buy, discount! without prescription. Viagra Super Active buy, discount! without prescription. Cialis Super Active buy, discount! without prescription. Synthroid buy, discount! without prescription. https://cutt.ly/qwufYAl9",
        "Date of Submission": "2023-10-08 16:20:41"
    },
    "extra_information": {
        "Submitted On": {
            "links": [
                {
                    "text": "View Page",
                    "href": "https://www.hktlora.com/"
                },
                {
                    "text": "Edit Page",
                    "href": "https://www.hktlora.com/wp-admin/post.php?action=edit&post=46"
                }
            ],
            "full_text": "Home (View Page | Edit Page)"
        },
        "Submitted By": "Not a registered user"
    },
    "dingding": {
        "id": "zEAOynbUqh",
        "编号": "4062"
    }
}