{
    "form_submission": {
        "Name": "Francisco Schettino",
        "Email": "francisco.pereira@tsaengenharia.com.br",
        "Country": "Brazil",
        "Message": "Hi! Happy new year! Please I would like a quote for 10 pieces for sampling. Thank you.",
        "Date of Submission": "2024-01-04 22:41:33"
    },
    "extra_information": {
        "Submitted On": {
            "links": [
                {
                    "text": "View Page",
                    "href": "https://www.hktlora.com/?elementor_library=float-forms"
                },
                {
                    "text": "Edit Page",
                    "href": "https://www.hktlora.com/wp-admin/post.php?action=edit&post=2390"
                }
            ],
            "full_text": "Quote (View Page | Edit Page)"
        },
        "Submitted By": "Not a registered user"
    },
    "dingding": {
        "id": "faw49Umfvx",
        "编号": "4448"
    }
}