{
    "form_submission": {
        "Name": "Tony Brekne",
        "Email": "tonybrekne@gmail.com",
        "WhatsApp": "",
        "Country": "Norway",
        "Message": "Hi, Can you send me a pricelist for accupanels and shipping prices to Norway? Regards, Tony",
        "Date of Submission": "2023-04-13 00:28:14"
    },
    "extra_information": {
        "Submitted On": {
            "links": [
                {
                    "text": "View Page",
                    "href": "https://www.hktlora.com/?elementor_library=elementor-single-product-248"
                },
                {
                    "text": "Edit Page",
                    "href": "https://www.hktlora.com/wp-admin/post.php?action=edit&post=248"
                }
            ],
            "full_text": "Elementor Single Product #248 (View Page | Edit Page)"
        },
        "Submitted By": "Not a registered user"
    },
    "dingding": {
        "id": "sTuQY8HgSn",
        "编号": "1672"
    }
}