{
    "form_submission": {
        "First Name": "Kevin",
        "Last Name": "Lee",
        "Email Address": "Leemedical@comcast.net",
        "WhatsApp/Phone NO.": "248-826-6801",
        "Country": "United States",
        "Postcode": "48390",
        "Message": "I'm a physician interested in the Smartwatch with pulse oximetry monitoring",
        "Date of Submission": "2024-01-12 22:27:45"
    },
    "extra_information": {
        "Submitted On": {
            "links": [
                {
                    "text": "View Page",
                    "href": "https://www.hktlora.com/contact/"
                },
                {
                    "text": "Edit Page",
                    "href": "https://www.hktlora.com/wp-admin/post.php?action=edit&post=57"
                }
            ],
            "full_text": "Contact (View Page | Edit Page)"
        },
        "Submitted By": "Not a registered user"
    },
    "dingding": {
        "id": "CWEzyt4g6N",
        "编号": "4467"
    }
}