{
    "form_submission": {
        "Name": "Nazha",
        "Email": "nazha.nayim@disrupt-x.io",
        "Country": "UAE",
        "Message": "I would like to get pricing information on gas meters, along with product documentations and certifications. (LoRaWAN)",
        "Date of Submission": "2023-12-01 13:22:09"
    },
    "extra_information": {
        "Submitted On": {
            "links": [
                {
                    "text": "View Page",
                    "href": "https://www.hktlora.com/?elementor_library=float-forms"
                },
                {
                    "text": "Edit Page",
                    "href": "https://www.hktlora.com/wp-admin/post.php?action=edit&post=2390"
                }
            ],
            "full_text": "Quote (View Page | Edit Page)"
        },
        "Submitted By": "Not a registered user"
    },
    "dingding": {
        "id": "ejArRbEThT",
        "编号": "4342"
    }
}