{
    "form_submission": {
        "Name": "Mary Cole",
        "Email": "hookeymc2@gmail.com",
        "WhatsApp": "0851475598",
        "Country": "Ireland",
        "Message": "I need 2400 c.m=lenght I need 600c.m width Depth 21m.m. 2PACKS X",
        "Date of Submission": "2023-02-26 21:49:07"
    },
    "extra_information": {
        "Submitted On": {
            "links": [
                {
                    "text": "View Page",
                    "href": "https://www.hktlora.com/?elementor_library=elementor-single-product-248"
                },
                {
                    "text": "Edit Page",
                    "href": "https://www.hktlora.com/wp-admin/post.php?action=edit&post=248"
                }
            ],
            "full_text": "Elementor Single Product #248 (View Page | Edit Page)"
        },
        "Submitted By": "Not a registered user"
    },
    "dingding": {
        "id": "grTlKSWXv0",
        "编号": "1607"
    }
}