{
    "form_submission": {
        "Name": "Madhukiran",
        "Comapny": "Fresher",
        "Email Address": "madhukirannani2002@gmail.com",
        "Country": "India",
        "Message": "Searching for an internship, persuing btech in the stream of cse- IOT",
        "Date of Submission": "2023-11-30 13:17:04"
    },
    "extra_information": {
        "Submitted On": {
            "links": [
                {
                    "text": "View Page",
                    "href": "https://www.hktlora.com/"
                },
                {
                    "text": "Edit Page",
                    "href": "https://www.hktlora.com/wp-admin/post.php?action=edit&post=46"
                }
            ],
            "full_text": "Home (View Page | Edit Page)"
        },
        "Submitted By": "Not a registered user"
    },
    "dingding": {
        "id": "vwA1Ld9UCw",
        "编号": "4336"
    }
}